Title,Year,Rated,Released,Runtime,Genre,Director,Writer,Actors,Plot,Language,Country,Awards,Poster,Ratings,Metascore,imdbRating,imdbVotes,imdbID,Type,DVD,BoxOffice,Production,Website,Response,OriginalTitle
Beetlejuice,1988,PG,30 Mar 1988,92 min,"Comedy, Fantasy",Tim Burton,"Michael McDowell, Warren Skaaren, Larry Wilson","Alec Baldwin, Geena Davis, Michael Keaton","Adam and Barbara are a normal couple...who happen to be dead. They have given their precious time to decorate their house and make it their own, but unfortunately a family is moving in, and not quietly. Adam and Barbara try to scare them out, but end up becoming the main attraction to the money making family. They call upon Beetlejuice to help, but Beetlejuice has more in mind than just helping.",English,United States,Won 1 Oscar. 7 wins & 11 nominations total,https://m.media-amazon.com/images/M/MV5BYjkwNzVlNDEtMTJlNy00OTdlLTljYWItM2RkZmZkYzY3YjM2XkEyXkFqcGc@._V1_SX300.jpg,"[{'Source': 'Internet Movie Database', 'Value': '7.4/10'}, {'Source': 'Rotten Tomatoes', 'Value': '83%'}, {'Source': 'Metacritic', 'Value': '71/100'}]",71,7.4,"416,001",tt0094721,movie,N/A,"$74,664,632",N/A,N/A,True,"""Beetlejuice, el súper fantasma"""
Looper,2012,R,28 Sep 2012,119 min,"Action, Drama, Sci-Fi",Rian Johnson,Rian Johnson,"Joseph Gordon-Levitt, Bruce Willis, Emily Blunt","Joe is classified as a ""looper"", a job in which his employers use time travel to send men from the future to be killed into the past, where Joe can properly dispose of their bodies. However, to tie up loose ends and erase the evidence of his ever being a looper, Joe knows that one day his future self will be sent back for him to kill. When this day comes, Joe's future self is prepared and escapes, and the two men struggle separately in the past trying to evade capture and attempting to fulfill their own personal agendas.","English, French","United States, China",18 wins & 47 nominations total,https://m.media-amazon.com/images/M/MV5BMTg5NTA3NTg4NF5BMl5BanBnXkFtZTcwNTA0NDYzOA@@._V1_SX300.jpg,"[{'Source': 'Internet Movie Database', 'Value': '7.4/10'}, {'Source': 'Rotten Tomatoes', 'Value': '93%'}, {'Source': 'Metacritic', 'Value': '84/100'}]",84,7.4,"624,435",tt1276104,movie,N/A,"$66,486,205",N/A,N/A,True,ASESINO DEL FUTURO
You Will Meet a Tall Dark Stranger,2010,R,22 Oct 2010,98 min,"Comedy, Drama, Romance",Woody Allen,Woody Allen,"Anthony Hopkins, Naomi Watts, Josh Brolin","Follows a pair of married couples, Alfie (Sir Anthony Hopkins) and Helena (Gemma Jones), and their daughter Sally (Naomi Watts) and husband Roy (Josh Brolin), as their passions, ambitions, and anxieties lead them into trouble and out of their minds. After Alfie leaves Helena to pursue his lost youth and a free-spirited call girl named Charmaine (Lucy Punch), Helena abandons rationality and surrenders her life to the loopy advice of a charlatan fortune teller. Unhappy in her marriage, Sally develops a crush on her handsome art gallery owner boss, Greg (Antonio Banderas), while Roy, an author nervously awaiting the response to his latest manuscript, becomes moonstruck over Dia (Freida Pinto), a mystery woman who catches his gaze through a nearby window.","English, Italian","United States, Spain, United Kingdom",2 wins & 6 nominations,https://m.media-amazon.com/images/M/MV5BMTkzOTI3MTE0OF5BMl5BanBnXkFtZTcwOTg3NDI3Mw@@._V1_SX300.jpg,"[{'Source': 'Internet Movie Database', 'Value': '6.3/10'}, {'Source': 'Rotten Tomatoes', 'Value': '46%'}, {'Source': 'Metacritic', 'Value': '51/100'}]",51,6.3,"47,889",tt1182350,movie,N/A,"$3,248,246",N/A,N/A,True,CONOCERÁS AL HOMBRE DE TUS SUEÑOS
Finding Nemo,2003,G,30 May 2003,100 min,"Animation, Adventure, Comedy","Andrew Stanton, Lee Unkrich","Andrew Stanton, Bob Peterson, David Reynolds","Albert Brooks, Ellen DeGeneres, Alexander Gould","A clown fish named Marlin lives in the Great Barrier Reef and loses his son, Nemo, after he ventures into the open sea, despite his father's constant warnings about many of the ocean's dangers. Nemo is abducted by a boat and netted up and sent to a dentist's office in Sydney. While Marlin ventures off to try to retrieve Nemo, Marlin meets a fish named Dory, a blue tang suffering from short-term memory loss. The companions travel a great distance, encountering various dangerous sea creatures such as sharks, anglerfish and jellyfish, in order to rescue Nemo from the dentist's office, which is situated by Sydney Harbour. While the two are searching the ocean far and wide, Nemo and the other sea animals in the dentist's fish tank plot a way to return to the sea to live their lives free again.","English, Japanese, Russian","United States, Japan, Australia, Kazakhstan, Armenia",Won 1 Oscar. 49 wins & 63 nominations total,https://m.media-amazon.com/images/M/MV5BMTc5NjExNTA5OV5BMl5BanBnXkFtZTYwMTQ0ODY2._V1_SX300.jpg,"[{'Source': 'Internet Movie Database', 'Value': '8.2/10'}, {'Source': 'Rotten Tomatoes', 'Value': '99%'}, {'Source': 'Metacritic', 'Value': '90/100'}]",90,8.2,"1,196,544",tt0266543,movie,N/A,"$380,843,261",N/A,N/A,True,BUSCANDO A NEMO
What's Your Number?,2011,R,30 Sep 2011,106 min,"Comedy, Romance",Mark Mylod,"Karyn Bosnak, Gabrielle Allan, Jennifer Crittenden","Anna Faris, Chris Evans, Ari Graynor","Ally is a woman who has many ex-boyfriends who turned out to be losers. Now she believes that she can't find a good guy. But when she runs into one of her exes who is now a 'Prince Charming', she decides to look up all of her exes to see if any of them have changed for the better. When she has trouble locating them, she asks her neighbor Colin, who sleeps with a different women every night and sneaks out the morning after to avoid talking to them, to help her.",English,United States,1 win total,https://m.media-amazon.com/images/M/MV5BMjIzNTc2MTgwNV5BMl5BanBnXkFtZTcwMzYzMzgxNQ@@._V1_SX300.jpg,"[{'Source': 'Internet Movie Database', 'Value': '6.0/10'}, {'Source': 'Rotten Tomatoes', 'Value': '23%'}, {'Source': 'Metacritic', 'Value': '35/100'}]",35,6.0,"90,583",tt0770703,movie,N/A,"$14,011,084",N/A,N/A,True,CONTANDO A MIS EX
Project Almanac,2015,PG-13,30 Jan 2015,106 min,"Drama, Mystery, Sci-Fi",Dean Israelite,"Jason Pagan, Andrew Deutschman","Amy Landecker, Sofia Black-D'Elia, Virginia Gardner","The teenager David Raskin is a genius that dreams on joining the MIT. He has a crush on Jessie Pierce but he is too shy to date her. When David finds the design of a time machine that belonged to his father, he decides to build the device together with his friends Quinn Goldberg and Adam Le and his sister Christina Raskin. Soon Jessie joins the group and becomes David's girlfriend. When their experiment gets out of control and changing the future, David decides to fix the problems making them worse.",English,United States,N/A,https://m.media-amazon.com/images/M/MV5BMTUxMjQ2NjI4OV5BMl5BanBnXkFtZTgwODc2NjUwNDE@._V1_SX300.jpg,"[{'Source': 'Internet Movie Database', 'Value': '6.4/10'}, {'Source': 'Rotten Tomatoes', 'Value': '38%'}, {'Source': 'Metacritic', 'Value': '47/100'}]",47,6.4,"87,096",tt2436386,movie,N/A,"$22,348,241",N/A,N/A,True,Bienvenidos al ayer
5 to 7,2014,R,12 Feb 2015,95 min,"Comedy, Drama, Romance",Victor Levin,Victor Levin,"Anton Yelchin, Bérénice Marlohe, Olivia Thirlby","In New York, an aspiring novelist has a cinq-a-sept affair with the beautiful wife of a French diplomat. Cultures, world views, personal ethics and dietary preferences clash as love deepens, with remarkable results. Romance, drama and comedy.","English, French",United States,1 win & 1 nomination total,https://m.media-amazon.com/images/M/MV5BMTQ4Mzg3ODQ4M15BMl5BanBnXkFtZTgwMjA3NjE1NDE@._V1_SX300.jpg,"[{'Source': 'Internet Movie Database', 'Value': '7.1/10'}, {'Source': 'Rotten Tomatoes', 'Value': '70%'}, {'Source': 'Metacritic', 'Value': '52/100'}]",52,7.1,"21,959",tt2486678,movie,N/A,"$162,685",N/A,N/A,True,Amantes de 5 a 7
"Batman: The Dark Knight Returns, Part 1",2012,PG-13,25 Sep 2012,76 min,"Animation, Action, Crime, Drama, Thriller",Jay Oliva,"Bob Kane (character created by: Batman), Frank Miller (comic book), Klaus Janson (comic book), Bob Goodman","Peter Weller, Ariel Winter, David Selby, Wade Williams","Batman has not been seen for ten years. A new breed of criminal ravages Gotham City, forcing 55-year-old Bruce Wayne back into the cape and cowl. But, does he still have what it takes to fight crime in a new era?",English,USA,5 nominations.,https://m.media-amazon.com/images/M/MV5BMzIxMDkxNDM2M15BMl5BanBnXkFtZTcwMDA5ODY1OQ@@._V1_SX300.jpg,"[{'Source': 'Internet Movie Database', 'Value': '8.0/10'}, {'Source': 'Rotten Tomatoes', 'Value': '100%'}]",N/A,8.0,"54,214",tt2313197,movie,N/A,N/A,N/A,N/A,True,BATMAN EL CABALLERO DE LA NOCHE
Batman Begins,2005,PG-13,15 Jun 2005,140 min,"Action, Crime, Drama",Christopher Nolan,"Bob Kane, David S. Goyer, Christopher Nolan","Christian Bale, Michael Caine, Ken Watanabe","When his parents are killed, billionaire playboy Bruce Wayne relocates to Asia, where he is mentored by Henri Ducard and Ra's Al Ghul in how to fight evil. When learning about the plan to wipe out evil in Gotham City by Ducard, Bruce prevents this plan from getting any further and heads back to his home. Back in his original surroundings, Bruce adopts the image of a bat to strike fear into the criminals and the corrupt as the icon known as ""Batman"". But it doesn't stay quiet for long.","English, Mandarin","United States, United Kingdom",Nominated for 1 Oscar. 15 wins & 79 nominations total,https://m.media-amazon.com/images/M/MV5BMzA2NDQzZDEtNDU5Ni00YTlkLTg2OWEtYmQwM2Y1YTBjMjFjXkEyXkFqcGc@._V1_SX300.jpg,"[{'Source': 'Internet Movie Database', 'Value': '8.2/10'}, {'Source': 'Rotten Tomatoes', 'Value': '85%'}, {'Source': 'Metacritic', 'Value': '70/100'}]",70,8.2,"1,700,042",tt0372784,movie,N/A,"$206,863,479",N/A,N/A,True,BATMAN INICIA
The Green Hornet,2011,PG-13,14 Jan 2011,119 min,"Action, Comedy, Crime",Michel Gondry,"Seth Rogen, Evan Goldberg, George W. Trendle","Seth Rogen, Jay Chou, Christoph Waltz","Playboy Britt Reid (Seth Rogen) becomes the new publisher of Los Angeles' ""The Daily Sentinel"" after the sudden death of his father. Britt's party life is about to change when he and his driver and kung fu expert, Kato (Jay Chou), stop a robbery. With the help of Kato, Britt starts a new career of fighting crime as the masked superhero ""The Green Hornet"".","English, Mandarin",United States,4 wins & 7 nominations total,https://m.media-amazon.com/images/M/MV5BMTcwOTMwMDYyMl5BMl5BanBnXkFtZTcwMzAxMjMyNA@@._V1_SX300.jpg,"[{'Source': 'Internet Movie Database', 'Value': '5.8/10'}, {'Source': 'Rotten Tomatoes', 'Value': '45%'}, {'Source': 'Metacritic', 'Value': '39/100'}]",39,5.8,"168,421",tt0990407,movie,N/A,"$98,780,042",N/A,N/A,True,"""Avispon Verde, El"""
Terminator 2: Judgment Day,1991,R,03 Jul 1991,137 min,"Action, Adventure, Sci-Fi",James Cameron,"James Cameron, William Wisher","Arnold Schwarzenegger, Linda Hamilton, Edward Furlong","Over 10 years have passed since the first machine called The Terminator tried to kill Sarah Connor and her unborn son, John. The man who will become the future leader of the human resistance against the Machines is now a healthy young boy. However, another Terminator, called the T-1000, is sent back through time by the supercomputer Skynet. This new Terminator is more advanced and more powerful than its predecessor and its mission is to kill John Connor when he's still a child. However, Sarah and John do not have to face the threat of the T-1000 alone. Another Terminator (identical to the same model that tried and failed to kill Sarah Connor in 1984) is also sent back through time to protect them. Now, the battle for tomorrow has begun.","English, Spanish","United States, France",Won 4 Oscars. 39 wins & 33 nominations total,https://m.media-amazon.com/images/M/MV5BNGMyMGNkMDUtMjc2Ni00NWFlLTgyODEtZTY2MzBiZTg0OWZiXkEyXkFqcGc@._V1_SX300.jpg,"[{'Source': 'Internet Movie Database', 'Value': '8.6/10'}, {'Source': 'Rotten Tomatoes', 'Value': '91%'}, {'Source': 'Metacritic', 'Value': '75/100'}]",75,8.6,"1,276,343",tt0103064,movie,N/A,"$205,881,154",N/A,N/A,True,EL DÍA DEL JUICIO FINAL
The Neon Demon,2016,R,24 Jun 2016,117 min,"Horror, Thriller",Nicolas Winding Refn,"Nicolas Winding Refn, Mary Laws, Polly Stenham","Elle Fanning, Christina Hendricks, Keanu Reeves","The sixteen year-old aspiring model Jesse arrives in Los Angeles expecting to be a successful model. The aspirant photographer Dean takes photos for her portfolio and dates her. Jesse befriends the lesbian makeup artist Ruby and then the envious models Gigi and Sarah in a party. Meanwhile, the agency considers Jesse beautiful with a ""thing"" that makes her different and she is sent to the professional photographer Jack. Jesse attracts the attention of the industry and experiences a successful beginning of her career. Ruby, Gigi and Sarah, however, will do whatever is necessary to get this ""thing"" for themselves.",English,"Denmark, United States, Belgium",18 wins & 39 nominations total,https://m.media-amazon.com/images/M/MV5BNTAyOTkxNTQ3NV5BMl5BanBnXkFtZTgwMjQ1NzQxOTE@._V1_SX300.jpg,"[{'Source': 'Internet Movie Database', 'Value': '6.1/10'}, {'Source': 'Rotten Tomatoes', 'Value': '59%'}, {'Source': 'Metacritic', 'Value': '51/100'}]",51,6.1,"110,328",tt1974419,movie,N/A,"$1,333,124",N/A,N/A,True,"""Demonio Neón, El"""
12 Years a Slave,2013,R,08 Nov 2013,134 min,"Biography, Drama, History",Steve McQueen,"John Ridley, Solomon Northup","Chiwetel Ejiofor, Michael Kenneth Williams, Michael Fassbender","Based on an incredible true story of one man's fight for survival and freedom. In the pre-Civil War United States, Solomon Northup, a free black man from upstate New York, is abducted and sold into slavery. Facing cruelty personified by a malevolent slave owner, as well as unexpected kindnesses, Solomon struggles not only to stay alive, but to retain his dignity. In the twelfth year of his unforgettable odyssey, Solomon's chance meeting with a Canadian abolitionist will forever alter his life.",English,"United Kingdom, United States",Won 3 Oscars. 244 wins & 338 nominations total,https://m.media-amazon.com/images/M/MV5BMjExMTEzODkyN15BMl5BanBnXkFtZTcwNTU4NTc4OQ@@._V1_SX300.jpg,"[{'Source': 'Internet Movie Database', 'Value': '8.1/10'}, {'Source': 'Rotten Tomatoes', 'Value': '95%'}, {'Source': 'Metacritic', 'Value': '96/100'}]",96,8.1,"782,160",tt2024544,movie,N/A,"$56,671,993",N/A,N/A,True,DOCE [I. E. 12] AÑOS ESCLAVO
The King's Speech,2010,R,25 Dec 2010,118 min,"Biography, Drama, History",Tom Hooper,David Seidler,"Colin Firth, Geoffrey Rush, Helena Bonham Carter","Britain's Prince Albert (Colin Firth) must ascend the throne as King George VI, but he has a speech impediment. Knowing that the country needs her husband to be able to communicate effectively, Elizabeth (Helena Bonham Carter) hires Lionel Logue (Geoffrey Rush), an Australian actor and speech therapist, to help him overcome his stammer. An extraordinary friendship develops between the two men, as Logue uses unconventional means to teach the monarch how to speak with confidence.",English,"United States, United Kingdom",Won 4 Oscars. 109 wins & 206 nominations total,https://m.media-amazon.com/images/M/MV5BMzU5MjEwMTg2Nl5BMl5BanBnXkFtZTcwNzM3MTYxNA@@._V1_SX300.jpg,"[{'Source': 'Internet Movie Database', 'Value': '8.0/10'}, {'Source': 'Rotten Tomatoes', 'Value': '94%'}, {'Source': 'Metacritic', 'Value': '88/100'}]",88,8.0,"730,697",tt1504320,movie,N/A,"$138,797,449",N/A,N/A,True,EL DISCURSO DEL REY
Dragon Ball Z: Cooler's Revenge,1991,E10+,22 Jan 2002,47 min,"Animation, Action, Sci-Fi",Mitsuo Hashimoto,"Akira Toriyama, Takao Koyama","Masako Nozawa, Toshio Furukawa, Mayumi Tanaka","After destroying Frieza on Namek, Goku returns to a peaceful life on Earth. When informed his brother has been killed by a Saiyan, Cooler is hell bent on killing Goku, and making him pay for his brother's disgrace. Goku has to find the power within him to defeat a warrior even more powerful than the horrible Frieza.","Japanese, English",Japan,N/A,https://m.media-amazon.com/images/M/MV5BMTBlY2Q2OTgtNWEwYi00NTE3LWI1ZmYtY2Y0ZTRiZjdjMDBjXkEyXkFqcGc@._V1_SX300.jpg,"[{'Source': 'Internet Movie Database', 'Value': '7.0/10'}]",N/A,7.0,"9,434",tt1125254,movie,N/A,N/A,N/A,N/A,True,DRAGON BALL: COOLERS REVENGE
It's Complicated,2009,R,25 Dec 2009,120 min,"Comedy, Drama, Romance",Nancy Meyers,Nancy Meyers,"Meryl Streep, Steve Martin, Alec Baldwin","When brought together at a family event, two exes find themselves oddly attracted to each other after ten years of divorce. Although the couple think that this affair will stay in a different state, it brings itself back to their own city and disrupts their personal lives. While the couple still maintain other romances, they cannot help but to continue with their affair.","English, French","Japan, United States",Nominated for 1 BAFTA Award8 wins & 15 nominations total,https://m.media-amazon.com/images/M/MV5BMjQ0NjM2NTI4N15BMl5BanBnXkFtZTcwNjQ2MDc5Mg@@._V1_SX300.jpg,"[{'Source': 'Internet Movie Database', 'Value': '6.6/10'}, {'Source': 'Rotten Tomatoes', 'Value': '59%'}, {'Source': 'Metacritic', 'Value': '57/100'}]",57,6.6,"102,721",tt1230414,movie,N/A,"$112,735,375",N/A,N/A,True,ENAMORÁNDOME DE MI EX
Evangelion: 1.0 You Are (Not) Alone,2007,PG-13,01 Sep 2007,98 min,"Animation, Action, Drama","Hiroshi Haraguchi, Masayuki, Kazuya Tsurumaki",Hideaki Anno,"Megumi Ogata, Megumi Hayashibara, Kotono Mitsuishi",The fate of the world is threatened by seemingly monstrous entities known as Angels. NERV is an organisation set up to counter this threat and it is up to young pilots to protect Earth but exactly what are the real motives behind NERV?,"Japanese, German, Spanish, Catalan, English, French, Italian, Portuguese, Russian, Cantonese",Japan,3 wins & 1 nomination total,https://m.media-amazon.com/images/M/MV5BMDQwZWFmNTMtY2RjYS00OWIxLTlkNmMtNjQwMWIwZTk1OGFlXkEyXkFqcGc@._V1_SX300.jpg,"[{'Source': 'Internet Movie Database', 'Value': '7.5/10'}, {'Source': 'Rotten Tomatoes', 'Value': '67%'}, {'Source': 'Metacritic', 'Value': '66/100'}]",66,7.5,"30,946",tt0923811,movie,N/A,"$107,797",N/A,N/A,True,EVANGELIÓN : I. II
Mary Shelley's Frankenstein: A Documentary,2009,N/A,N/A,57 min,"Documentary, Drama, History",Liam Dale,Barnaby Eaton-Jones,"Georgina Clarke, Jack Roberts",N/A,English,United Kingdom,N/A,N/A,[],N/A,N/A,N/A,tt37343970,movie,N/A,N/A,N/A,N/A,True,Frankenstein de Mary Shelley
Big Hero 6,2014,PG,07 Nov 2014,102 min,"Animation, Action, Adventure","Don Hall, Chris Williams","Jordan Roberts, Robert L. Baird, Daniel Gerson","Ryan Potter, Scott Adsit, Jamie Chung","When a devastating event befalls the city of San Fransokyo and catapults Hiro into the midst of danger, he turns to Baymax and his close friends adrenaline junkie Go Go Tomago, neatnik Wasabi, chemistry whiz Honey Lemon and fanboy Fred. Determined to uncover the mystery, Hiro transforms his friends into a band of high-tech heroes called ""Big Hero 6.""",English,United States,Won 1 Oscar. 17 wins & 58 nominations total,https://m.media-amazon.com/images/M/MV5BYjQ3YzUyOGQtNjdlYS00YmRhLWIyOWYtMGQ3YjkwMjJiYzRjXkEyXkFqcGc@._V1_SX300.jpg,"[{'Source': 'Internet Movie Database', 'Value': '7.8/10'}, {'Source': 'Rotten Tomatoes', 'Value': '90%'}, {'Source': 'Metacritic', 'Value': '74/100'}]",74,7.8,"548,572",tt2245084,movie,N/A,"$222,527,828",N/A,N/A,True,GRANDES HÉROES
Wrath of the Titans,2012,PG-13,30 Mar 2012,99 min,"Action, Adventure, Fantasy",Jonathan Liebesman,"Dan Mazeau, David Leslie Johnson-McGoldrick, Greg Berlanti","Sam Worthington, Liam Neeson, Rosamund Pike","A decade after his heroic defeat of the monstrous Kraken, Perseus-the demigod son of Zeus-is attempting to live a quieter life as a village fisherman and the sole parent to his 10-year old son, Helius. Meanwhile, a struggle for supremacy rages between the gods and the Titans. Dangerously weakened by humanity's lack of devotion, the gods are losing control of the imprisoned Titans and their ferocious leader, Kronos, father of the long-ruling brothers Zeus, Hades and Poseidon. The triumvirate had overthrown their powerful father long ago, leaving him to rot in the gloomy abyss of Tartarus, a dungeon that lies deep within the cavernous underworld. Perseus cannot ignore his true calling when Hades, along with Zeus' godly son, Ares (Edgar Ramírez), switch loyalty and make a deal with Kronos to capture Zeus. The Titans' strength grows stronger as Zeus' remaining godly powers are siphoned, and hell is unleashed on earth. Enlisting the help of the warrior Queen Andromeda (Rosamund Pike), Poseidon's demigod son, Argenor (Toby Kebbell), and fallen god Hephaestus (Bill Nighy), Perseus bravely embarks on a treacherous quest into the underworld to rescue Zeus, overthrow the Titans and save mankind.",English,"United States, Spain",2 wins & 3 nominations total,https://m.media-amazon.com/images/M/MV5BMjMyMzk1Nzg3OF5BMl5BanBnXkFtZTcwOTQ2NjcxNw@@._V1_SX300.jpg,"[{'Source': 'Internet Movie Database', 'Value': '5.7/10'}, {'Source': 'Rotten Tomatoes', 'Value': '26%'}, {'Source': 'Metacritic', 'Value': '37/100'}]",37,5.7,"201,440",tt1646987,movie,N/A,"$83,670,083",N/A,N/A,True,Furia de titanes 2 3D
Legend of the Guardians: The Owls of Ga'Hoole,2010,PG,24 Sep 2010,97 min,"Animation, Action, Adventure",Zack Snyder,"John Orloff, Emil Stern, Kathryn Lasky","Jim Sturgess, Hugo Weaving, David Wenham","Soren (Jim Sturgess), a young barn owl, is kidnapped by owls of St. Aggie's, ostensibly an orphanage, where owlets are brainwashed into becoming soldiers. He and his new friends escape to the island of Ga'Hoole, to assist its noble, wise owls who fight the army being created by the wicked rulers of St. Aggie's.",English,"United States, Australia, United Kingdom",4 wins & 23 nominations total,https://m.media-amazon.com/images/M/MV5BMjE0NjA5OTA4N15BMl5BanBnXkFtZTcwODA3MTA3Mw@@._V1_SX300.jpg,"[{'Source': 'Internet Movie Database', 'Value': '6.9/10'}, {'Source': 'Rotten Tomatoes', 'Value': '52%'}, {'Source': 'Metacritic', 'Value': '53/100'}]",53,6.9,"91,248",tt1219342,movie,N/A,"$55,675,313",N/A,N/A,True,GA’HOOLE
Iron Man & Hulk: Heroes United,2013,PG,03 Dec 2013,71 min,"Animation, Action, Adventure, Family, Sci-Fi","Eric Radomski, Leo Riley","Henry Gilroy, Brandon Auman, Stan Lee (characters), Jack Kirby (characters), Larry Lieber (characters), Don Heck (characters)","Adrian Pasdar, Fred Tatasciore, Dee Bradley Baker, Robin Atkin Downes","The Invincible Iron Man and the Incredible Hulk must join forces to save the Earth from its greatest threat yet! When two Hydra scientists try to supercharge a Stark Arc Reactor with Hulk's Gamma Energy, they unleash a being of pure electricity called Zzzax - and he's hungry for destruction. Together, Iron Man and Hulk are the only force that stands in the way of the Zzzax's planetary blackout. But first, the super heroic duo will have to get through snarling Wendigos, deadly robots and the scaly powerhouse, Abomination. Can two of Marvel's mightiest heroes find a way to work together without smashing each other before time runs out?",English,USA,N/A,https://m.media-amazon.com/images/M/MV5BMDVlZjcxZWYtZWEzZS00NjY3LTlmZjItNzljZWM1ZTMwZmM5XkEyXkFqcGdeQXVyNTAyODkwOQ@@._V1_SX300.jpg,"[{'Source': 'Internet Movie Database', 'Value': '4.7/10'}]",N/A,4.7,"2,196",tt3221698,movie,N/A,N/A,N/A,N/A,True,IRON MAN Y HULK
Son of Batman,2014,PG-13,22 Apr 2014,74 min,"Animation, Action, Adventure",Ethan Spaulding,"Bob Kane, Grant Morrison, Andy Kubert","Jason O'Mara, Stuart Allan, Thomas Gibson","Batman learns he has a violent, unruly pre-teen son, secretly raised by the terrorist group the League of Assassins.",English,United States,1 win & 1 nomination total,https://m.media-amazon.com/images/M/MV5BZTVhZGUxMmEtNDdlMi00MTA5LTgxNjctNGJmNDBmYTQ5YTIyXkEyXkFqcGc@._V1_SX300.jpg,"[{'Source': 'Internet Movie Database', 'Value': '6.7/10'}, {'Source': 'Rotten Tomatoes', 'Value': '64%'}]",N/A,6.7,"32,998",tt3139072,movie,N/A,N/A,N/A,N/A,True,"""HIJO DE BATMAN,EL"""
Blue Jasmine,2013,PG-13,23 Aug 2013,98 min,"Comedy, Drama, Romance",Woody Allen,Woody Allen,"Cate Blanchett, Joy Carlin, Richard Conti","Jasmine French used to be on the top of the heap as a New York socialite, but now is returning to her estranged sister in San Francisco utterly ruined. As Jasmine struggles with her haunting memories of a privileged past bearing dark realities she ignored, she tries to recover in her present. Unfortunately, it all proves a losing battle as Jasmine's narcissistic hangups and their consequences begin to overwhelm her. In doing so, her old pretensions and new deceits begin to foul up everyone's lives, especially her own.",English,United States,Won 1 Oscar. 56 wins & 83 nominations total,https://m.media-amazon.com/images/M/MV5BMTc0ODk5MzEyMV5BMl5BanBnXkFtZTcwMzI0MDY1OQ@@._V1_SX300.jpg,"[{'Source': 'Internet Movie Database', 'Value': '7.3/10'}, {'Source': 'Rotten Tomatoes', 'Value': '90%'}, {'Source': 'Metacritic', 'Value': '78/100'}]",78,7.3,"218,419",tt2334873,movie,N/A,"$33,405,481",N/A,N/A,True,JAZMÍN AZUL
Edward Scissorhands,1990,PG-13,14 Dec 1990,105 min,"Drama, Fantasy, Romance",Tim Burton,"Tim Burton, Caroline Thompson","Johnny Depp, Winona Ryder, Dianne Wiest","In a castle high on top of a hill lives an inventor's greatest creation - Edward, a near-complete person. The creator died before he could finish Edward's hands; instead, he is left with metal scissors for hands. Since then, he has lived alone, until a kind lady called Peg discovers him and welcomes him into her home. At first, everyone welcomes him into the community, but soon things begin to take a change for the worse.",English,United States,Nominated for 1 Oscar. 11 wins & 25 nominations total,https://m.media-amazon.com/images/M/MV5BODJhODczYjUtYzdkMy00Yjc4LTllNWMtZTQ3MDZlYWZjYWEzXkEyXkFqcGc@._V1_SX300.jpg,"[{'Source': 'Internet Movie Database', 'Value': '7.8/10'}, {'Source': 'Rotten Tomatoes', 'Value': '91%'}, {'Source': 'Metacritic', 'Value': '74/100'}]",74,7.8,"562,377",tt0099487,movie,N/A,"$56,362,352",N/A,N/A,True,"""JOVEN MANOS DE TIJERAS, EL"""
Kiki's Delivery Service,1989,G,20 Dec 1990,103 min,"Animation, Family, Fantasy",Hayao Miyazaki,"Eiko Kadono, Hayao Miyazaki","Minami Takayama, Rei Sakuma, Mieko Nobusawa","This is the story of a young witch, named Kiki who is now 13 years old. But she is still a little green and plenty headstrong, but also resourceful, imaginative, and determined. With her trusty wisp of a talking cat named Jiji by her side she's ready to take on the world, or at least the quaintly European seaside village she's chosen as her new home.","Japanese, English",Japan,4 wins total,https://m.media-amazon.com/images/M/MV5BOTFhYWI1NGUtZWFhZS00MTdkLWIzZTItMDBhNWNiZDNlMjYyXkEyXkFqcGc@._V1_SX300.jpg,"[{'Source': 'Internet Movie Database', 'Value': '7.8/10'}, {'Source': 'Metacritic', 'Value': '85/100'}]",85,7.8,"185,670",tt0097814,movie,08 May 2007,"$1,004,057",N/A,N/A,True,Kiki entregas a domicilio
The Maze Runner,2014,PG-13,19 Sep 2014,113 min,"Action, Mystery, Sci-Fi",Wes Ball,"Noah Oppenheim, Grant Pierce Myers, T.S. Nowlin","Dylan O'Brien, Kaya Scodelario, Will Poulter","Awakening in an elevator, remembering nothing of his past, Thomas emerges into a world of about thirty teenage boys, all without past memories, who have learned to survive under their own set of rules in a completely enclosed environment, subsisting on their own agriculture and supplies. With a new boy arriving every thirty days, the group has been in ""The Glade"" for three years, trying to find a way to escape through the Maze that surrounds their living space (patrolled by cyborg monsters named 'Grievers'). They have begun to give up hope when a comatose girl arrives with a strange note, and their world begins to change with the boys dividing into two factions: those willing to risk their lives to escape and those wanting to hang onto what they've got and survive.",English,"United States, United Kingdom",4 wins & 12 nominations total,https://m.media-amazon.com/images/M/MV5BMjUyNTA3MTAyM15BMl5BanBnXkFtZTgwOTEyMTkyMjE@._V1_SX300.jpg,"[{'Source': 'Internet Movie Database', 'Value': '6.8/10'}, {'Source': 'Rotten Tomatoes', 'Value': '66%'}, {'Source': 'Metacritic', 'Value': '57/100'}]",57,6.8,"557,043",tt1790864,movie,N/A,"$102,427,862",N/A,N/A,True,Laberinto del terror.El
Maleficent: Mistress of Evil,2019,PG,18 Oct 2019,119 min,"Adventure, Drama, Family",Joachim Rønning,"Linda Woolverton, Noah Harpster, Micah Fitzerman-Blue","Angelina Jolie, Elle Fanning, Harris Dickinson","Five peaceful years have passed since the demise of the duplicitous monarch, King Stefan, in Maleficent (2014), and now, an unforeseen but joyous event is about to unite the mortal kingdom of Ulstead and the fairy-realm of the enchanted Moors. However, once more, odious treason stands in the way of true young love, as malicious envy, unbounded ambition and ignoble thoughts creep in the hearts of men. Now, two neighboring worlds find themselves divided by fear and prejudice, and, sadly, the impending union paves the way for an all-out confrontation. Suddenly, the magnificent winged sprite, Maleficent, and the lovely Princess Aurora are caught in the middle. Does love always end well?",English,"United Kingdom, Canada, United States, France",Nominated for 1 Oscar. 1 win & 11 nominations total,https://m.media-amazon.com/images/M/MV5BNTY4YjYwYzMtYTg1NC00ZmJiLTk0OTYtMWMzM2Y4Yzc5MDc2XkEyXkFqcGc@._V1_SX300.jpg,"[{'Source': 'Internet Movie Database', 'Value': '6.6/10'}, {'Source': 'Rotten Tomatoes', 'Value': '40%'}, {'Source': 'Metacritic', 'Value': '43/100'}]",43,6.6,"130,828",tt4777008,movie,N/A,"$113,929,605",N/A,N/A,True,Maléfica: dueña del mal
City Lights,1931,G,07 Mar 1931,87 min,"Comedy, Drama, Romance",Charles Chaplin,"Charles Chaplin, Harry Carr, Harry Crocker","Charles Chaplin, Virginia Cherrill, Florence Lee",A tramp falls in love with a beautiful blind girl. Her family is in financial trouble. The tramp's on-and-off friendship with a wealthy man allows him to be the girl's benefactor and suitor.,"None, English",United States,6 wins total,https://m.media-amazon.com/images/M/MV5BM2U4NjgzODUtODkyOC00YTE2LTlhNTItYzFlYmM1NTEzZDA2XkEyXkFqcGc@._V1_SX300.jpg,"[{'Source': 'Internet Movie Database', 'Value': '8.5/10'}, {'Source': 'Rotten Tomatoes', 'Value': '95%'}, {'Source': 'Metacritic', 'Value': '99/100'}]",99,8.5,"215,345",tt0021749,movie,N/A,"$19,181",N/A,N/A,True,LUCES DE LA CIUDAD
The Tale of The Princess Kaguya,2013,PG,23 Nov 2013,137 min,"Animation, Drama, Family",Isao Takahata,"Isao Takahata, Riko Sakaguchi","Chloë Grace Moretz, James Caan, Mary Steenburgen","An old man makes a living by selling bamboo. One day, he finds a princess in a bamboo. The princess is only the size of a finger. Her name is Kaguya. When Kaguya grows up, 5 men from prestigious families propose to her. Kaguya asks the men to find memorable marriage gifts for her, but the 5 men are unable to find what Kaguya wants. Then, the Emperor of Japan proposes to her.",Japanese,Japan,Nominated for 1 Oscar. 13 wins & 38 nominations total,https://m.media-amazon.com/images/M/MV5BMTcwODI0MzEwOF5BMl5BanBnXkFtZTgwNjkyNTEwMTE@._V1_SX300.jpg,"[{'Source': 'Internet Movie Database', 'Value': '8.0/10'}, {'Source': 'Rotten Tomatoes', 'Value': '100%'}, {'Source': 'Metacritic', 'Value': '89/100'}]",89,8.0,"60,590",tt2576852,movie,N/A,"$974,913",N/A,N/A,True,"""LEYENDA DE LA PRINCESA KAGUYA,La"""
Good Will Hunting,1997,R,09 Jan 1998,126 min,"Drama, Romance",Gus Van Sant,"Matt Damon, Ben Affleck","Robin Williams, Matt Damon, Ben Affleck","A touching tale of a wayward young man who struggles to find his identity, living in a world where he can solve any problem, except the one brewing deep within himself, until one day he meets his soul mate who opens his mind and his heart.",English,United States,Won 2 Oscars. 25 wins & 61 nominations total,https://m.media-amazon.com/images/M/MV5BNDdjZGQ5YzEtNTc2My00Mjc0LWFlMTctYzkwMzZlNzdiZWYzXkEyXkFqcGc@._V1_SX300.jpg,"[{'Source': 'Internet Movie Database', 'Value': '8.3/10'}, {'Source': 'Rotten Tomatoes', 'Value': '97%'}, {'Source': 'Metacritic', 'Value': '71/100'}]",71,8.3,"1,186,230",tt0119217,movie,N/A,"$138,433,435",N/A,N/A,True,MENTE INDOMABLE
My Neighbor Totoro,1988,G,13 Jul 1990,86 min,"Animation, Adventure, Comedy",Hayao Miyazaki,Hayao Miyazaki,"Hitoshi Takagi, Noriko Hidaka, Chika Sakamoto","Two young girls, 10-year-old Satsuki and her 4-year-old sister Mei, move into a house in the country with their father to be closer to their hospitalized mother. Satsuki and Mei discover that the nearby forest is inhabited by magical creatures called Totoros (pronounced toe-toe-ro). They soon befriend these Totoros, and have several magical adventures.",Japanese,Japan,5 wins & 2 nominations total,https://m.media-amazon.com/images/M/MV5BYWM3MDE3YjEtMzIzZC00ODE5LTgxNTItNmUyMTBkM2M2NmNiXkEyXkFqcGc@._V1_SX300.jpg,"[{'Source': 'Internet Movie Database', 'Value': '8.1/10'}, {'Source': 'Rotten Tomatoes', 'Value': '94%'}, {'Source': 'Metacritic', 'Value': '87/100'}]",87,8.1,"425,325",tt0096283,movie,N/A,"$2,250,213",N/A,N/A,True,MI VECINO TOTORO
Tomorrow Never Dies,1997,PG-13,19 Dec 1997,119 min,"Action, Adventure, Thriller",Roger Spottiswoode,"Bruce Feirstein, Ian Fleming","Pierce Brosnan, Jonathan Pryce, Michelle Yeoh","Agent James Bond 007 (Pierce Brosnan) is on a mission which includes a media tycoon, his former lover and a Chinese Agent. Elliot Carver (Jonathan Pryce) wants to complete his global media empire, but in order for this to work, he must achieve broadcasting rights in China. Carver wants to start up World War III by starting a confrontation over British and Chinese waters. Bond gains the help of Wai Lin (Michelle Yeoh) on his quest to stop him, but how will Bond feel when he meets up with his former lover, Paris (Teri Hatcher), who is now Carver's wife.","English, German, Danish, Mandarin, Cantonese","United Kingdom, United States, Spain",6 wins & 10 nominations total,https://m.media-amazon.com/images/M/MV5BMTM1MTk2ODQxNV5BMl5BanBnXkFtZTcwOTY5MDg0NA@@._V1_SX300.jpg,"[{'Source': 'Internet Movie Database', 'Value': '6.5/10'}, {'Source': 'Rotten Tomatoes', 'Value': '58%'}, {'Source': 'Metacritic', 'Value': '52/100'}]",52,6.5,"213,704",tt0120347,movie,N/A,"$125,304,276",N/A,N/A,True,"""Mañana Nunca muere, El"""
The Chronicles of Narnia: The Voyage of the Dawn Treader,2010,PG,10 Dec 2010,113 min,"Adventure, Family, Fantasy",Michael Apted,"Christopher Markus, Stephen McFeely, Michael Petroni","Ben Barnes, Skandar Keynes, Georgie Henley","Lucy and Edmund Pevensie are stranded in Cambridge, living in the house of their obnoxious cousin Eustace, while the grown-ups Susan and Peter are living in the USA with their parents. When a painting of a ship sailing on the sea of Narnia overflows water in their room, Lucy, Edmund and Eustace are transported to the ocean of Narnia and rescued by King Caspian and the crew of the ship The Dawn Treader. Caspian explains that Narnia has been in peace for three years but before he took his throne back, his uncle tried to kill the seven lords of Telmar, who were the closest and most loyal friends of his father. They fled to The Lone Island and no one has ever heard anything about them. Now Caspian is seeking out the lords of Telmar with his Captain Drinian, the talking mouse Reepicheep and his loyal men. Soon, they discover that an evil form of green mist is threatening Narnia and the siblings and their cousin join Caspian in a quest to retrieve the seven swords of the seven lords of Telmar to save Narnia from evil.",English,"United States, United Kingdom, Canada, Australia, Germany",2 wins & 19 nominations total,https://m.media-amazon.com/images/M/MV5BYjQ2YTdmMmEtZGRiZS00MTlmLThiMGMtYmM4MmRkMjkwZDNhXkEyXkFqcGc@._V1_SX300.jpg,"[{'Source': 'Internet Movie Database', 'Value': '6.3/10'}, {'Source': 'Rotten Tomatoes', 'Value': '50%'}, {'Source': 'Metacritic', 'Value': '53/100'}]",53,6.3,"176,567",tt0980970,movie,N/A,"$104,386,950",N/A,N/A,True,ARNIA 3D
The Kids Are All Right,2010,R,30 Jul 2010,106 min,"Comedy, Drama, Romance",Lisa Cholodenko,"Lisa Cholodenko, Stuart Blumberg","Annette Bening, Julianne Moore, Mark Ruffalo","Nic and Jules are in a long term, committed, loving but by no means perfect same-sex relationship. Nic, a physician, needs to wield what she believes is control, whereas Jules, under that control, is less self-assured. During their relationship, Jules has floundered in her ""nine to five"" life, sometimes trying to start a business - always unsuccessfully - or being the stay-at-home mom. She is currently trying to start a landscape design business. They have two teen-aged children, Joni (conceived by Nic) and Laser (by Jules). Although not exact replicas, each offspring does more closely resemble his/her biological mother in temperament. Joni and Laser are also half-siblings, having the same unknown sperm donor father. Shortly after Joni's eighteenth birthday and shortly before she plans to leave the house and head off to college, Laser, only fifteen and underage to do so, pleads with her to try and contact their sperm donor father. Somewhat reluctantly, she does. He is late thirty-something Paul, a co-op farmer and restaurateur. Despite his seemingly successful businesses, Paul has always shirked responsibility, most specifically in his personal life. After Joni and Laser meet with Paul, Nic and Jules learn what their children have done and, although they don't want Paul infiltrating their lives, want to meet him - especially as Joni and Laser seem to want to maintain some sort of relationship with him. As Paul's relationship with the entire family grows (which includes his hiring Jules to design and construct his backyard), they have an effect on what he wants in life. In turn, he affects their family dynamic as well as each person's relationships outside of it.",English,"United States, France",Nominated for 4 Oscars. 29 wins & 133 nominations total,https://m.media-amazon.com/images/M/MV5BMjE4NTMwNDg5MF5BMl5BanBnXkFtZTcwNDY2ODE0Mw@@._V1_SX300.jpg,"[{'Source': 'Internet Movie Database', 'Value': '7.0/10'}, {'Source': 'Rotten Tomatoes', 'Value': '93%'}, {'Source': 'Metacritic', 'Value': '86/100'}]",86,7.0,"137,167",tt0842926,movie,N/A,"$20,811,365",N/A,N/A,True,LOS NIÑOS ESTÁN BIEN
Oz the Great and Powerful,2013,PG,08 Mar 2013,130 min,"Adventure, Family, Fantasy",Sam Raimi,"Mitchell Kapner, David Lindsay-Abaire, L. Frank Baum","James Franco, Michelle Williams, Rachel Weisz","Oscar Diggs (James Franco), a small-time circus magician with dubious ethics, is hurled away from dusty Kansas to the vibrant Land of Oz. At first he thinks he's hit the jackpot-fame and fortune are his for the taking. That all changes, however, when he meets three witches, Theodora (Mila Kunis), Evanora (Rachel Weisz), and Glinda (Michelle Williams), who are not convinced he is the great wizard everyone's been expecting. Reluctantly drawn into the epic problems facing the Land of Oz and its inhabitants, Oscar must find out who is good and who is evil before it is too late. Putting his magical arts to use through illusion, ingenuity-and even a bit of wizardry-Oscar transforms himself not only into the great and powerful Wizard of Oz but into a better man as well.",English,United States,6 wins & 31 nominations total,https://m.media-amazon.com/images/M/MV5BNDRlOTNlMWMtM2FlMi00MzNiLTk1NzEtNjc3Njg1M2NkNmY5XkEyXkFqcGc@._V1_SX300.jpg,"[{'Source': 'Internet Movie Database', 'Value': '6.3/10'}, {'Source': 'Rotten Tomatoes', 'Value': '56%'}, {'Source': 'Metacritic', 'Value': '44/100'}]",44,6.3,"220,679",tt1623205,movie,N/A,"$234,911,825",N/A,N/A,True,"""OZ, EL PODEROSO"""
The English Patient,1996,R,06 Dec 1996,162 min,"Drama, Romance, War",Anthony Minghella,"Michael Ondaatje, Anthony Minghella","Ralph Fiennes, Juliette Binoche, Willem Dafoe","October 1944 in war torn Italy. Hana (Juliette Binoche), a French-Canadian nurse working in a mobile army medical unit, feels like everything she loves in life dies on her. Because of the difficulty traveling and the dangers, especially as the landscape is still heavily booby-trapped with mines, Hana volunteers to stay behind at a church to care solely for a dying semi-amnesiac patient, who is badly burned and disfigured. She agrees to catch up to the rest of the unit after he dies. All the patient remembers is that he is English, and that he is married. Their solitude is disrupted with the arrival at the church of fellow Canadian David Caravaggio (Willem Dafoe), part of the Intelligence Service, who is certain that he knows the patient as a man who cooperated with the Germans. Caravaggio believes that the patient's memory is largely intact, and that he is running away from his past, in part, or in its entirety. The patient does open up about his past, all surrounding his work as a cartographer in North Africa, which was interrupted by the war. He may not be running from his work as a spy for the Germans as Caravaggio believes, but rather the memory of an affair he had with married Katharine Clifton (Dame Kristin Scott Thomas), the love of his life, and the memory of a promise not totally fulfilled. Hana may also test her theory of her fates with love and death as she embarks on a relationship of her own with Kip Singh (Naveen Andrews), a Sikh from India, whose unit has camped on the now overgrown lawn of the church. Their work entails sweeping for and diffusing mines, the discovery of one such mine which had earlier saved her life.","English, German, Italian, Arabic","United States, United Kingdom",Won 9 Oscars. 62 wins & 78 nominations total,https://m.media-amazon.com/images/M/MV5BODg0NjdiN2UtZWY3MS00M2JmLTg1MDAtY2ZiNzNiMzAzYWFmXkEyXkFqcGc@._V1_SX300.jpg,"[{'Source': 'Internet Movie Database', 'Value': '7.4/10'}, {'Source': 'Rotten Tomatoes', 'Value': '86%'}, {'Source': 'Metacritic', 'Value': '86/100'}]",86,7.4,"212,643",tt0116209,movie,N/A,"$78,676,425",N/A,N/A,True,"""PACIENTE INGLES, EL"""
Lost in Afghanistan. To Return in Twenty Years.,2006,N/A,08 Feb 2006,52 min,Documentary,Rasim Poloskin,N/A,N/A,N/A,Russian,Russia,N/A,https://m.media-amazon.com/images/M/MV5BMzkyOGFjOTUtZTdjNC00MGYyLWEzYTMtMGQwNDU1ZDBiN2NlXkEyXkFqcGc@._V1_SX300.jpg,[],N/A,N/A,N/A,tt32579367,movie,N/A,N/A,N/A,N/A,True,PERDIDO EN AFGANISTÁN
Chronicle,2012,PG-13,03 Feb 2012,84 min,"Drama, Sci-Fi, Thriller",Josh Trank,"Max Landis, Josh Trank","Dane DeHaan, Alex Russell, Michael B. Jordan","The shy, lonely and outcast teenager Andrew Detmer is bullied and has no friends at high-school and lives with his abusive and alcoholic father Richard Detmer and his terminally ill mother Karen. Andrew buys a camera to film his everyday life. His cousin Matt Garetty drives him to school and invites Andrew to go to a party at night. Nearby they find a tunnel and suddenly acquire telekinetic abilities and Andrew becomes the most powerful. But he easily loses his temper and becomes dangerous while Matt tries to control him. When his mother needs a medicine and Andrew does not have enough money to buy it, his darker side overwhelms him and he becomes a menace.",English,United States,2 wins & 7 nominations total,https://m.media-amazon.com/images/M/MV5BMDBmYmExZDUtYWQxZS00MWI4LTkyZTQtYzIxNzg3NjJkZjZhXkEyXkFqcGc@._V1_SX300.jpg,"[{'Source': 'Internet Movie Database', 'Value': '7.0/10'}, {'Source': 'Rotten Tomatoes', 'Value': '85%'}, {'Source': 'Metacritic', 'Value': '69/100'}]",69,7.0,"276,134",tt1706593,movie,N/A,"$64,575,175",N/A,N/A,True,PODER SIN LÍMITES
The Other Guys,2010,PG-13,06 Aug 2010,107 min,"Action, Comedy, Crime",Adam McKay,"Adam McKay, Chris Henchy","Will Ferrell, Mark Wahlberg, Derek Jeter","Terry Hoitz's past mistakes in the line of duty and Allen Gamble's reluctance to take risks have landed them the roles of the ""Other Guys"", disgraced New York City police detectives relegated to filling out paperwork for cocky hero cops Danson and Highsmith. The mismatched duo must look past their differences when they take on a high-profile investigation of shady capitalist David Ershon and attempt to fill the shoes of the notoriously reckless officers they idolize.","English, Ukrainian",United States,3 wins & 15 nominations total,https://m.media-amazon.com/images/M/MV5BODU1OTY5ZTYtNWQ0MC00ZWE1LTkyYjEtZTI2ODM1ZGE2MjBkXkEyXkFqcGc@._V1_SX300.jpg,"[{'Source': 'Internet Movie Database', 'Value': '6.7/10'}, {'Source': 'Rotten Tomatoes', 'Value': '78%'}, {'Source': 'Metacritic', 'Value': '64/100'}]",64,6.7,"307,921",tt1386588,movie,N/A,"$119,219,978",N/A,N/A,True,POLICÍAS DE REPUESTO
Horrible Bosses,2011,R,08 Jul 2011,98 min,"Comedy, Crime",Seth Gordon,"Michael Markowitz, John Francis Daley, Jonathan Goldstein","Jason Bateman, Charlie Day, Jason Sudeikis","Nick hates his boss, mostly because he's expected to work from before sunrise to after sunset and his boss, Mr. Harken, calls him out for being a minute late and blackmails him so he can't quit. Dale hates his boss, Dr. Julia Harris, because she makes unwelcome sexual advances when he's about to get married. But Dale is on that pesky list of child-offenders so he can't quit. Kurt actually likes his job and his boss--well, up until his boss dies and the boss's coked-out, psychopathic son takes over. But who would be crazy enough to quit their jobs in such poor economic times? Instead, Nick, Dale, and Kurt drunkenly and hypothetically discuss how to kill their bosses, and before they know it, they've hired a murder consultant to help them pull off the three deeds.",English,United States,3 wins & 14 nominations total,https://m.media-amazon.com/images/M/MV5BNzYxNDI5Njc5NF5BMl5BanBnXkFtZTcwMDUxODE1NQ@@._V1_SX300.jpg,"[{'Source': 'Internet Movie Database', 'Value': '6.9/10'}, {'Source': 'Rotten Tomatoes', 'Value': '69%'}, {'Source': 'Metacritic', 'Value': '57/100'}]",57,6.9,"486,136",tt1499658,movie,N/A,"$117,538,559",N/A,N/A,True,QUIERO MATAR A MI JEFE
Fast Five,2011,PG-13,29 Apr 2011,130 min,"Action, Crime, Thriller",Justin Lin,"Chris Morgan, Gary Scott Thompson","Vin Diesel, Paul Walker, Dwayne Johnson","Former cop Brian O'Conner partners with ex-con Dom Toretto on the opposite side of the law. Since Brian and Mia Toretto broke Dom out of custody, they've blown across many borders to elude authorities. Now backed into a corner in Rio de Janeiro, they must pull one last job in order to gain their freedom. As they assemble their elite team of top racers, the unlikely allies know their only shot of getting out for good means confronting the corrupt businessman who wants them dead. But he's not the only one on their tail. Hard-nosed federal agent Luke Hobbs never misses his target. When he is assigned to track down Dom and Brian, he and his strike team launch an all-out assault to capture them. But as his men tear through Brazil, Hobbs learns he can't separate the good guys from the bad. Now, he must rely on his instincts to corner his prey... before someone else runs them down first.","English, Portuguese, Spanish, Italian, French","United States, Brazil, Japan",9 wins & 21 nominations total,https://m.media-amazon.com/images/M/MV5BMTUxNTk5MTE0OF5BMl5BanBnXkFtZTcwMjA2NzY3NA@@._V1_SX300.jpg,"[{'Source': 'Internet Movie Database', 'Value': '7.3/10'}, {'Source': 'Rotten Tomatoes', 'Value': '77%'}, {'Source': 'Metacritic', 'Value': '66/100'}]",66,7.3,"430,221",tt1596343,movie,N/A,"$209,837,675",N/A,N/A,True,RÁPIDOS Y FURIOSOS 5IN CONTROL
Rosemary's Baby,1968,R,12 Jun 1968,137 min,"Drama, Horror",Roman Polanski,"Ira Levin, Roman Polanski","Mia Farrow, John Cassavetes, Ruth Gordon","Desiring to start their family, young Catholic homemaker Rosemary Woodhouse and her struggling-actor husband Guy move into The Bramford: New York City's iconic building that brims with unpleasant stories of obscure dwellers and ghastly occurrences. The young couple is soon befriended by their eccentric next-door neighbors, Roman and Minnie and Castevet; shortly afterward, Rosemary gets pregnant. However, little by little--as the inexperienced mother becomes systematically cut off from her circle of friends--alarming hints of a sinister, well-planned conspiracy start to emerge, enfolding timid Rosemary in a shroud of suspicion and mental agony. Why is everyone so conveniently eager to help? And why is Guy allowing it?",English,United States,Won 1 Oscar. 13 wins & 13 nominations total,https://m.media-amazon.com/images/M/MV5BNDlhMDI3OTQtNTBkYy00NWQ5LWJmNWEtZGQwYzZlMTQ4MDI1XkEyXkFqcGc@._V1_SX300.jpg,"[{'Source': 'Internet Movie Database', 'Value': '8.0/10'}, {'Source': 'Rotten Tomatoes', 'Value': '97%'}, {'Source': 'Metacritic', 'Value': '96/100'}]",96,8.0,"250,536",tt0063522,movie,N/A,N/A,N/A,N/A,True,ROSEMARY’S BABY
Guess Who,2005,PG-13,25 Mar 2005,105 min,"Comedy, Romance",Kevin Rodney Sullivan,"William Rose, David Ronn, Jay Scherick","Ashton Kutcher, Bernie Mac, Zoe Saldana","Percy and Marilyn are renewing their vows for their anniversary, and their daughter Theresa brings her boyfriend Simon for them to meet. Unbeknownst to her parents, the kids plan to announce their engagement during the weekend. The Jones family is Black; Theresa neglects to tell them Simon is White. Race complicates Percy's general mistrust of any boyfriend, so he instigates an investigation of Simon, discovering he's recently lost his job and hasn't told Theresa. Mistrust rears its ugly head, and in the process of Theresa and Simon's argument, Marilyn and Percy fall out. What can the men do to cross the divide between each other and between men and women? Will anyone be exchanging vows?",English,United States,16 nominations,https://m.media-amazon.com/images/M/MV5BNDBjMmI2MjgtMmVlNS00NzgxLTlmYjYtNWM5YzcxMGQwNjhhXkEyXkFqcGc@._V1_SX300.jpg,"[{'Source': 'Internet Movie Database', 'Value': '5.9/10'}, {'Source': 'Rotten Tomatoes', 'Value': '41%'}, {'Source': 'Metacritic', 'Value': '49/100'}]",49,5.9,"46,556",tt0372237,movie,N/A,"$68,915,888",N/A,N/A,True,SABES QUIÉN VIENE?
Stolen,2012,R,06 Sep 2012,96 min,"Action, Crime, Thriller",Simon West,David Guggenheim,"Nicolas Cage, Malin Akerman, Josh Lucas","In New Orleans, the notorious bank thief and family man Will Montgomery steals $10m with his partners Vincent, Riley Jeffers and Hoyt. However, he has an argument with Vincent in the runaway and Hoyt leaves Will behind. He tries to flee but the FBI agent Tim Harlend organizes a manhunt and Will is captured, but he burns the stolen money to get rid of the evidence against him. Eight years later, Will leaves the prison and he goes to the house of his teenage daughter Alison Loeb, who has issues against him. Alison leaves Will alone in a coffee shop and takes a cab to go to a session with her shrink. However, a couple of minutes later, Will receives a phone call from Vincent, who is presumed dead, telling that he has abducted Alison and will kill her unless he receives the $10m of the last robbery. Now Will has twelve hours to find a way to rescue his daughter from the hands of the psychopath Vincent.","English, Swedish",United States,N/A,https://m.media-amazon.com/images/M/MV5BNzY0ODM1NzU0OV5BMl5BanBnXkFtZTcwNTExNjIyOA@@._V1_SX300.jpg,"[{'Source': 'Internet Movie Database', 'Value': '5.5/10'}, {'Source': 'Rotten Tomatoes', 'Value': '18%'}, {'Source': 'Metacritic', 'Value': '43/100'}]",43,5.5,"47,223",tt1656186,movie,N/A,"$304,318",N/A,N/A,True,SECRETOS PELIGROSOS
The Wind Rises,2013,PG-13,21 Feb 2014,126 min,"Animation, Biography, Drama",Hayao Miyazaki,Hayao Miyazaki,"Hideaki Anno, Miori Takimoto, Hidetoshi Nishijima","Jiro dreams of flying and designing beautiful airplanes, inspired by the famous Italian aeronautical designer Caproni. Nearsighted from a young age and unable to be a pilot, Jiro joins a major Japanese engineering company in 1927 and becomes one of the world's most innovative and accomplished airplane designers. The film chronicles much of his life, depicting key historical events, including the Great Kanto Earthquake of 1923, the Great Depression, the tuberculosis epidemic and Japan's plunge into war. Jiro meets and falls in love with Nahoko, and grows and cherishes his friendship with his colleague Honjo.","Japanese, German, Italian, French",Japan,Nominated for 1 Oscar. 26 wins & 54 nominations total,https://m.media-amazon.com/images/M/MV5BMTU4NDg0MzkzNV5BMl5BanBnXkFtZTgwODA3Mzc1MDE@._V1_SX300.jpg,"[{'Source': 'Internet Movie Database', 'Value': '7.8/10'}, {'Source': 'Rotten Tomatoes', 'Value': '88%'}, {'Source': 'Metacritic', 'Value': '83/100'}]",83,7.8,"111,654",tt2013293,movie,N/A,"$5,209,580",N/A,N/A,True,SE LEVANTA EL VIENTO
Saving Mr. Banks,2013,PG-13,20 Dec 2013,125 min,"Biography, Comedy, Drama",John Lee Hancock,"Kelly Marcel, Sue Smith","Emma Thompson, Tom Hanks, Annie Rose Buckley","When Walt Disney's (Tom Hanks') daughters begged him to make a movie of their favorite book, P.L. Travers' (Emma Thompson's) ""Mary Poppins"", he made them a promise - one that he didn't realize would take twenty years to keep. In his quest to obtain the rights, Walt comes up against a curmudgeonly, uncompromising writer who has absolutely no intention of letting her beloved magical nanny get mauled by the Hollywood machine. But, as the books stop selling and money grows short, Travers reluctantly agrees to go to Los Angeles, California to hear Disney's plans for the adaptation. For those two short weeks in 1961, Walt Disney pulls out all of the stops. Armed with imaginative storyboards and chirpy songs from the talented Richard M. Sherman (Jason Schwartzman) and Robert B. Sherman (B.J. Novak), Walt launches an all-out onslaught on P.L. Travers, but the prickly author doesn't budge. He soon begins to watch helplessly as Travers becomes increasingly immovable and the rights begin to move further away from his grasp. It is only when he reaches into his own childhood that Walt discovers the truth about the ghosts that haunt her, and together they set Mary Poppins free to ultimately make one of the most endearing movies in cinematic history.",English,"Australia, United Kingdom, United States",Nominated for 1 Oscar. 13 wins & 74 nominations total,https://m.media-amazon.com/images/M/MV5BMTc0MTQ3NzE4Nl5BMl5BanBnXkFtZTcwMzA4NDM5OQ@@._V1_SX300.jpg,"[{'Source': 'Internet Movie Database', 'Value': '7.5/10'}, {'Source': 'Rotten Tomatoes', 'Value': '79%'}, {'Source': 'Metacritic', 'Value': '65/100'}]",65,7.5,"174,675",tt2140373,movie,N/A,"$83,301,580",N/A,N/A,True,EL SUEÑO DE WALT
Dark Shadows,2012,PG-13,11 May 2012,113 min,"Comedy, Fantasy, Horror",Tim Burton,"Seth Grahame-Smith, John August, Dan Curtis","Johnny Depp, Michelle Pfeiffer, Eva Green","In the year 1752, Joshua and Naomi Collins, with young son Barnabas, set sail from Liverpool, England to start a new life in America. But even an ocean was not enough to escape the mysterious curse that has plagued their family. Two decades pass and Barnabas (Johnny Depp) has the world at his feet-or at least the town of Collinsport, Maine. The master of Collinwood Manor, Barnabas is rich, powerful and an inveterate playboy...until he makes the grave mistake of breaking the heart of Angelique Bouchard (Eva Green). A witch, in every sense of the word, Angelique dooms him to a fate worse than death: turning him into a vampire, and then burying him alive. Two centuries later, Barnabas is inadvertently freed from his tomb and emerges into the very changed world of 1972. He returns to Collinwood Manor to find that his once-grand estate has fallen into ruin. The dysfunctional remnants of the Collins family have fared little better, each harboring their own dark secrets. Matriarch Elizabeth Collins Stoddard (Michelle Pfeiffer) has called upon live-in psychiatrist, Dr. Julia Hoffman (Helena Bonham Carter), to help with her family troubles.",English,"United States, Australia, United Kingdom",3 wins & 12 nominations total,https://m.media-amazon.com/images/M/MV5BMjNiYWMxZjctMzEyZS00NDZmLTgxYmYtM2NmOGI0MmY3ZTJiXkEyXkFqcGc@._V1_SX300.jpg,"[{'Source': 'Internet Movie Database', 'Value': '6.2/10'}, {'Source': 'Rotten Tomatoes', 'Value': '35%'}, {'Source': 'Metacritic', 'Value': '55/100'}]",55,6.2,"291,971",tt1077368,movie,N/A,"$79,727,149",N/A,N/A,True,SOMBRAS TENEBROSAS
Extremely Loud & Incredibly Close,2011,PG-13,20 Jan 2012,129 min,"Adventure, Drama, Mystery",Stephen Daldry,"Eric Roth, Jonathan Safran Foer","Thomas Horn, Tom Hanks, Sandra Bullock","A troubled young boy, Oskar, is trying to cope with the loss of his father. Oskar starts lashing out at his mother and the world. Until a year later, he discovers a mysterious key in his father's belongings and embarks on a scavenger hunt to find the matching lock, just as he used to when his father was alive. On this journey he is bound to meet a lot of people and learn a lot about himself and his family, but will he ever find the lock?",English,United States,Nominated for 2 Oscars. 8 wins & 26 nominations total,https://m.media-amazon.com/images/M/MV5BMTUxNzYwMTE3NV5BMl5BanBnXkFtZTcwMDY2NzU4Ng@@._V1_SX300.jpg,"[{'Source': 'Internet Movie Database', 'Value': '6.9/10'}, {'Source': 'Rotten Tomatoes', 'Value': '44%'}, {'Source': 'Metacritic', 'Value': '46/100'}]",46,6.9,"107,625",tt0477302,movie,N/A,"$31,847,881",N/A,N/A,True,Tan fuerte y tan cerca Extremely Loud &
The Loss of Sexual Innocence,1998,R,07 Jan 2000,106 min,Drama,Mike Figgis,"Mike Figgis, Bienchen Ohly","Julian Sands, Saffron Burrows, Stefano Dionisi","Non-linear film tells the sexual story of a film director from his life at age 5, 12 and 16, a man embarking on his first film in 1950s Tunisia, and finally to his current life. Along the way, as a teen, he has sexual exploits with an older woman, gets involved with an Italian couple in Tunisia that culminates in the killing of a local boy and the brutal revenge murder of the woman and, ultimately, is married to a cold woman.",English,United Kingdom,1 nomination total,https://m.media-amazon.com/images/M/MV5BZDZlZDk4MDgtYWVkYi00NTI1LWEzMmEtY2QyNjUyMjllOGFhXkEyXkFqcGc@._V1_SX300.jpg,"[{'Source': 'Internet Movie Database', 'Value': '5.3/10'}, {'Source': 'Rotten Tomatoes', 'Value': '45%'}, {'Source': 'Metacritic', 'Value': '42/100'}]",42,5.3,"3,483",tt0126859,movie,N/A,"$164,022",N/A,N/A,True,PÉRDIDA DE LA INOCENCIA
Due Date,2010,R,05 Nov 2010,95 min,"Comedy, Drama",Todd Phillips,"Alan R. Cohen, Alan Freedland, Adam Sztykiel","Robert Downey Jr., Zach Galifianakis, Michelle Monaghan","Businessman and first time father (to-be), Peter Highman, is in Atlanta heading home to LA, where his wife is about to give birth, but after getting kicked off a plane, due to his seat mate, the pair end up trying to hitch a ride to the west coast.","English, Spanish",United States,7 nominations total,https://m.media-amazon.com/images/M/MV5BMTU5MTgxODM3Nl5BMl5BanBnXkFtZTcwMjMxNDEwNA@@._V1_SX300.jpg,"[{'Source': 'Internet Movie Database', 'Value': '6.5/10'}, {'Source': 'Rotten Tomatoes', 'Value': '39%'}, {'Source': 'Metacritic', 'Value': '51/100'}]",51,6.5,"370,607",tt1231583,movie,N/A,"$100,539,043",N/A,N/A,True,TODO UN PARTO
Beverly Hills Chihuahua,2008,PG,03 Oct 2008,91 min,"Adventure, Comedy, Drama",Raja Gosnell,"Analisa LaBianco, Jeffrey Bushell","Drew Barrymore, George Lopez, Piper Perabo","Chloe, a diamond-clad ultra-pampered Beverly Hills Chihuahua finds herself being ""puppy-sit"" by the niece, Rachel, of her owner when she leaves for Europe for one of her fashion shows. Rachel is enjoying her aunt's wealthy home but can't resist a weekend trip to Mexico with her friends. With Chloe in tote, Rachel's partying quickly disgusts Chloe and she decides she will go home herself. Chloe quickly gets lost in Mexico and thrown into a dog-fighting ring where she meets Delgado, an ex police K9 who is there and finds himself between his old enemy Diablo, the drug-lord's dog who ruined his career, and Chloe. After saving her and himself, Delgado agrees to help her get home and they begin their journey across Mexico for Beverly Hills. Meanwhile, Rachel has enlisted the help of her Aunt's gardener and Papi, the gardener's Chihuahua who's crazy about Chloe, to help find and save her. At the same time Diablo's master has learned of Chloe's identity and plans on dog-napping her for a big ransom. Along the way Chloe learns of her ancestry, her own strengths, and also finds a little love.",English,"United States, Mexico",3 wins & 6 nominations total,https://m.media-amazon.com/images/M/MV5BMTI2NzUxNjEzMl5BMl5BanBnXkFtZTcwOTMyNjM4MQ@@._V1_SX300.jpg,"[{'Source': 'Internet Movie Database', 'Value': '4.0/10'}, {'Source': 'Rotten Tomatoes', 'Value': '41%'}, {'Source': 'Metacritic', 'Value': '41/100'}]",41,4.0,"26,798",tt1014775,movie,N/A,"$94,514,402",N/A,N/A,True,UN CHIHUAHUA DE BEVERLY HILLS
The Darkest Hour,2011,PG-13,25 Dec 2011,89 min,"Action, Adventure, Horror",Chris Gorak,"Jon Spaihts, Leslie Bohem, M.T. Ahern","Emile Hirsch, Olivia Thirlby, Max Minghella","The American software designers Sean and Ben travel to Moscow to sell their software to investors. However, their Swedish partner Skyler pulls a fast one on Sean and Ben, and they are out of the business. They go to a nightclub, where they meet American Natalie and Australian Anne and they flirt with the girls and see Skyler in the club. Out of the blue, the population is surprised by lights, which they mistake for natural phenomena. But soon, they learn that the lights are aliens invading Earth and using power supply to annihilate mankind. Sean, Ben, Natalie, Anne and Skyler hide in the kitchen and when they leave the place, they seek out survivors on the street. Are they the last people on Earth?","English, Russian","Russia, United States",1 nomination total,https://m.media-amazon.com/images/M/MV5BZGI2MzI3OGMtZmI2NC00YWE5LTkyY2ItNGM3YzA0MjhmMjg5XkEyXkFqcGc@._V1_SX300.jpg,"[{'Source': 'Internet Movie Database', 'Value': '4.9/10'}, {'Source': 'Rotten Tomatoes', 'Value': '12%'}, {'Source': 'Metacritic', 'Value': '18/100'}]",18,4.9,"65,863",tt1093357,movie,N/A,"$21,443,494",N/A,N/A,True,"""ÚLTIMA NOCHE DE LA HUMANIDAD, LA 3D"""
To Save a Life,2009,PG-13,11 Nov 2010,120 min,Drama,Brian Baugh,"Brian Baugh, Jim Britts","Randy Wayne, Deja Kreutzberg, Joshua Weigel","Jake Taylor has everything. He has a beautiful girl, he's the champion in basketball and beer pong, and everyone loves him. Then, an old childhood friend, with whom Jake used to be friends, commits suicide. Jake begins to think. He wonders what he could've done to save his friend's life. A youth minister tells him that Jake needs God. So Jake becomes a Christian. However, things begin to spin out of control. His dad is cheating on his mom, his girlfriend is pregnant, and his former friends ridicule and mock him. During all this, Jake is going to realize just what it means to be a Christian and how to save a life.",English,United States,2 nominations,https://m.media-amazon.com/images/M/MV5BMjAzMzgzMDI1OF5BMl5BanBnXkFtZTcwNTg3NjAwMw@@._V1_SX300.jpg,"[{'Source': 'Internet Movie Database', 'Value': '6.8/10'}, {'Source': 'Rotten Tomatoes', 'Value': '38%'}, {'Source': 'Metacritic', 'Value': '19/100'}]",19,6.8,"5,908",tt1270286,movie,N/A,"$3,777,210",N/A,N/A,True,SALVAR UNA VIDA
Sea Monsters: A Prehistoric Adventure,2007,Unrated,05 Oct 2007,40 min,"Documentary, Animation, Short",Sean MacLeod Phillips,Mose Richards,"Liev Schreiber, Jennifer Aguilar, Michael Ashcraft","Brings to life some of the most bizarre, ferocious and fascinating creatures to ever inhabit the ocean. Combines animation with recreations in a prehistoric adventure. A journey to the bottom of the ancient oceans dramatizes awe-inspiring creatures.","English, Hebrew",United States,3 wins total,https://m.media-amazon.com/images/M/MV5BMjEwODA0ODUzMF5BMl5BanBnXkFtZTcwNTU1MjcwMg@@._V1_SX300.jpg,"[{'Source': 'Internet Movie Database', 'Value': '7.0/10'}, {'Source': 'Rotten Tomatoes', 'Value': '100%'}]",N/A,7.0,"1,101",tt1027743,movie,N/A,"$23,746,066",N/A,N/A,True,MONSTRUOS DEL MAR
Harry Potter and the Deathly Hallows: Part 2,2011,PG-13,15 Jul 2011,130 min,"Adventure, Family, Fantasy",David Yates,"Steve Kloves, J.K. Rowling","Daniel Radcliffe, Emma Watson, Rupert Grint","Harry (Daniel Radcliffe), Ron (Rupert Grint), and Hermione (Emma Watson) continue their quest of finding and destroying Voldemort's (Ralph Fiennes') three remaining Horcruxes, the magical items responsible for his immortality. But as the mystical Deathly Hallows are uncovered, and Voldemort finds out about their mission, the biggest battle begins, and life as they know it will never be the same again.","English, Latin","United Kingdom, United States",Nominated for 3 Oscars. 49 wins & 96 nominations total,https://m.media-amazon.com/images/M/MV5BOTA1Mzc2N2ItZWRiNS00MjQzLTlmZDQtMjU0NmY1YWRkMGQ4XkEyXkFqcGc@._V1_SX300.jpg,"[{'Source': 'Internet Movie Database', 'Value': '8.1/10'}, {'Source': 'Rotten Tomatoes', 'Value': '96%'}, {'Source': 'Metacritic', 'Value': '85/100'}]",85,8.1,"1,035,967",tt1201607,movie,N/A,"$381,884,297",N/A,N/A,True,Harry Potter :y las reliquias de la muerte
Justice League: War,2014,PG-13,04 Feb 2014,79 min,"Animation, Action, Adventure, Family, Fantasy, Sci-Fi",Jay Oliva,"Heath Corson, Geoff Johns (comic book: ""Justice League: Origin""), Jim Lee (comic book: ""Justice League: Origin""), Jerry Siegel (character created by: Superman), Joe Shuster (character created by: Superman), Bob Kane (character created by: Batman), William Moulton Marston (character created by: Wonder Woman), Marv Wolfman (character created by: Cyborg), George Pérez (character created by: Cyborg), Jack Kirby (characters created by: Darkseid,  Desaad & Parademons)","Sean Astin, Zach Callison, Christopher Gorham, Justin Kirk",The world's finest heroes found the Justice League in order to stop an alien invasion of Earth.,English,USA,N/A,https://m.media-amazon.com/images/M/MV5BYzA4ZjA3NzUtNDhjNS00OGNlLWI4ZWUtYzhkMmJiZDU2ZWExXkEyXkFqcGdeQXVyNTAyODkwOQ@@._V1_SX300.jpg,"[{'Source': 'Internet Movie Database', 'Value': '7.3/10'}, {'Source': 'Rotten Tomatoes', 'Value': '57%'}]",N/A,7.3,"31,379",tt3060952,movie,N/A,N/A,N/A,N/A,True,LA LIGA DE LA JUSTICIA: GUERRA
Confessions of a Shopaholic,2009,PG,13 Feb 2009,104 min,"Comedy, Romance",P.J. Hogan,"Tracey Jackson, Tim Firth, Kayla Alpert","Isla Fisher, Hugh Dancy, Krysten Ritter","Struggling with her debilitating obsession with shopping and the sudden collapse of her income source, Rebecca Bloomwood (Isla Fisher) unintentionally lands a job writing for a financial magazine after a drunken letter-mailing mix-up. Ironically writing about the consumer caution of which she has not abided, Rebecca's innovative comparisons and unconventional metaphors for economics grants her critical acclaim, public success, and the admiration of her supportive boss Luke Brandon (Hugh Dancy). But as she draws closer to her ultimate goal of writing for renowned fashion magazine Alette, she questions her true ambitions and must determine if overcoming her ""shopaholic"" condition will bring her real happiness.","English, Finnish, Spanish, French",United States,1 win & 3 nominations total,https://m.media-amazon.com/images/M/MV5BZTk1YmU3OWItM2NjZC00YzRhLWFlZTEtY2ExZGY2MzBkNTYzXkEyXkFqcGc@._V1_SX300.jpg,"[{'Source': 'Internet Movie Database', 'Value': '5.9/10'}, {'Source': 'Rotten Tomatoes', 'Value': '26%'}, {'Source': 'Metacritic', 'Value': '38/100'}]",38,5.9,"86,621",tt1093908,movie,N/A,"$44,277,350",N/A,N/A,True,LOCA POR LAS COMPRAS
"Crazy, Stupid, Love.",2011,PG-13,29 Jul 2011,118 min,"Comedy, Drama, Romance","Glenn Ficarra, John Requa",Dan Fogelman,"Steve Carell, Ryan Gosling, Julianne Moore","Cal (Steve Carell) and Emily (Julianne Moore) have the perfect life together living the American dream... until Emily asks for a divorce. Now Cal, Mr Husband, has to navigate the single scene with a little help from his professional bachelor friend Jacob Palmer (Ryan Gosling). Make that a lot of help...",English,United States,5 wins & 23 nominations total,https://m.media-amazon.com/images/M/MV5BMTg2MjkwMTM0NF5BMl5BanBnXkFtZTcwMzc4NDg2NQ@@._V1_SX300.jpg,"[{'Source': 'Internet Movie Database', 'Value': '7.4/10'}, {'Source': 'Rotten Tomatoes', 'Value': '79%'}, {'Source': 'Metacritic', 'Value': '68/100'}]",68,7.4,"601,291",tt1570728,movie,13 Apr 2016,"$84,379,584","Carousel, DiNovi Pictures",N/A,True,LOCO Y ESTÚPIDO AMOR
Transformers,2007,PG-13,03 Jul 2007,144 min,"Action, Adventure, Sci-Fi",Michael Bay,"Roberto Orci, Alex Kurtzman, John Rogers","Shia LaBeouf, Megan Fox, Josh Duhamel","High-school student Sam Witwicky buys his first car, who is actually the Autobot Bumblebee. Bumblebee defends Sam and his girlfriend Mikaela Banes from the Decepticon Barricade, before the other Autobots arrive on Earth. They are searching for the Allspark, and the war on Earth heats up as the Decepticons attack a United States military base in Qatar. Sam and Mikaela are taken by the top-secret agency Sector 7 to help stop the Decepticons, but when they learn the agency also intends to destroy the Autobots, they formulate their own plan to save the world.","English, Spanish",United States,Nominated for 3 Oscars. 25 wins & 50 nominations total,https://m.media-amazon.com/images/M/MV5BZjM3ZDA2YmItMzhiMi00ZGI3LTg3ZGQtOTk3Nzk0MDY0ZDZhXkEyXkFqcGc@._V1_SX300.jpg,"[{'Source': 'Internet Movie Database', 'Value': '7.1/10'}, {'Source': 'Rotten Tomatoes', 'Value': '57%'}, {'Source': 'Metacritic', 'Value': '61/100'}]",61,7.1,"714,583",tt0418279,movie,N/A,"$319,246,193",N/A,N/A,True,TRANSFORMES
Ghost Rider: Spirit of Vengeance,2011,PG-13,17 Feb 2012,96 min,"Action, Adventure, Fantasy","Mark Neveldine, Brian Taylor","Scott M. Gimple, Seth Hoffman, David S. Goyer","Nicolas Cage, Ciarán Hinds, Idris Elba","Johnny Blaze, a man who made a deal with the Devil who called himself Mephistopheles at the time (now Roarke), is on the run trying to make sure no-one is harmed by his alter ego, The Ghost Rider. He is approached by a Monk named Moreau who tells him that he can help be him free of the Rider, but first, he needs Johnny's help to protect a boy, whom Roarke has plans for, to help him take human form.","English, Romanian","United Arab Emirates, United States",4 nominations total,https://m.media-amazon.com/images/M/MV5BN2FmZGVlNTgtYTllNC00YmUzLTk5YmUtNWNhMzk3ZmE2NmQ0XkEyXkFqcGc@._V1_SX300.jpg,"[{'Source': 'Internet Movie Database', 'Value': '4.4/10'}, {'Source': 'Rotten Tomatoes', 'Value': '18%'}, {'Source': 'Metacritic', 'Value': '34/100'}]",34,4.4,"133,429",tt1071875,movie,N/A,"$51,774,002",N/A,N/A,True,"""VENGADOR FANTASMA 2, EL"""
