OriginalTitle,PotentialTitle,Year,MovieID,SourcePDF
Beethoven 3 214,Ludwig van Beethoven: Symphonies Nos. 2 & 3 'Eroica',1984,tt0248848,CINE.pdf
Beethoven 3 214,Symphonie Nr. 3 Es-Dur opus 55 (Eroica) von Ludwig van Beethoven,1967,tt0382329,CINE.pdf
Beethoven 3 214,"Beethoven Opus 59, No. 3: Allegro Molto",2004,tt0486749,CINE.pdf
Beethoven 3 214,"Art and Music: Beethoven Symphonies 1, 2 and 3",2007,tt1434418,CINE.pdf
Beethoven 3 214,Wiener Philharmoniker & Christian Thielemann: Beethoven 9 - Symphony No.3,2011,tt2950176,CINE.pdf
Beethoven 3 214,Phillip Kawin: Beethoven Piano Concerto No. 3,2019,tt9800504,CINE.pdf
Beethoven 3 214,The Yonkers Philharmonic Orchestra: Beethoven Festival Concert Series No.3,2016,tt34928051,CINE.pdf
Brasil Brazil 251,Meu Brasil (My Brazil),2008,tt2359179,CINE.pdf
Brasil Brazil 251,Brasil Via Atlântico - Brazil 500 years celebrations at sea,2001,tt12797036,CINE.pdf
"Warrior, El  293",El Dragón: Return of a Warrior,2019–2020,tt9281190,CINE.pdf
Carnaval en el trópico Carnaval en,Carnaval en el trópico,1942,tt0161377,CINE.pdf
"revolucionaria, La 341",Alberto o La Metamorfosis Revolucionaria del General Carrera Torres,2017,tt7260100,CINE.pdf
Control Total,Total Control,2019–2024,tt9318588,CINE.pdf
Control Total,Camp 14: Total Control Zone,2012,tt2149190,CINE.pdf
Control Total,Total Control: Short,2017,tt6522414,CINE.pdf
Control Total,Total Control,2006,tt0842656,CINE.pdf
Control Total,Total Control 2,2006,tt0842657,CINE.pdf
Control Total,Total Control 3,2006,tt0842658,CINE.pdf
Control Total,The Motels: Total Control,1980,tt10878250,CINE.pdf
Control Total,Total Control - Im Bann der Seelenfänger,2018,tt11506770,CINE.pdf
Control Total,Total Control,2012,tt2169568,CINE.pdf
Control Total,NASCAR 06: Total Team Control,2005,tt3983218,CINE.pdf
Cuenta final,Lo que cuenta es el final,2014,tt8584690,CINE.pdf
Desde allá,Desde el más allá,2017,tt2788684,CINE.pdf
Desde allá,Un Crimen desde el más allá,2016,tt5480092,CINE.pdf
Después de medianoche,6 Cortos para después de la Medianoche,2022,tt30750940,CINE.pdf
Día final,Todo acaba al final del día,2017,tt6639418,CINE.pdf
Día final,Al final del día,2007,tt1127286,CINE.pdf
Día final,El final del día,2016,tt4822294,CINE.pdf
Día final,Al final del día,2012,tt2500674,CINE.pdf
Día final,Al final del día,2014,tt4467554,CINE.pdf
Día final,Al final del día,2006,tt12700028,CINE.pdf
Día final,Final de día,2021,tt13380836,CINE.pdf
Día final,Al Final El Día,2023,tt30226901,CINE.pdf
Día final,Al final del día,2023,tt32915894,CINE.pdf
Drácula Bram Stoker’s Dracula,Making 'Bram Stoker's Dracula',1992,tt0263696,CINE.pdf
Drácula Bram Stoker’s Dracula,The Blood Is the Life: The Making of 'Bram Stoker's Dracula',2007,tt0892040,CINE.pdf
Drácula Bram Stoker’s Dracula,In Camera: The Naïve Visual Effects of 'Bram Stoker's Dracula',2007,tt1147571,CINE.pdf
Drácula Bram Stoker’s Dracula,Bram Stoker's Dracula: A Documentary,2007,tt13629658,CINE.pdf
Dragón vs Dragón,G-Men vs. The Black Dragon,1943,tt0035913,CINE.pdf
Dragón vs Dragón,Fighting Dragon Vs. The Deadly Tiger,1974,tt0077290,CINE.pdf
Dragón vs Dragón,MT/Warrior VS Dragon,2016,tt6449912,CINE.pdf
Dragón vs Dragón,Dragon vs. Ninja,1984,tt15076646,CINE.pdf
Dragón vs Dragón,"Blast from the Past: Dragon Ball Next, Trunks VS Goten",2011,tt36949740,CINE.pdf
Dragón vs Dragón,Kunoichi 5nin shu vs Onna Dragon Gundan,2005,tt9369276,CINE.pdf
Dragón vs Dragón,Boots vs the Dragon,2010,tt1835910,CINE.pdf
Dragón vs Dragón,Dragon Vs Unicorns,2012,tt2405348,CINE.pdf
Duros. los,Los días duros,1970,tt0065679,CINE.pdf
Duros. los,Los años duros,1973,tt0069750,CINE.pdf
Duros. los,Son duros los días sin nada,2012,tt2593396,CINE.pdf
Duros. los,Los duros que no pasen,1905,tt3242964,CINE.pdf
Eco. El,El eco del miedo,2012,tt2308659,CINE.pdf
Eco. El,El eco,1984,tt0411339,CINE.pdf
Eco. El,El eco de las canciones,2010,tt1714649,CINE.pdf
Eco. El,El último eco,2008,tt1293848,CINE.pdf
Eco. El,Abierto (El eco del tiempo),1997,tt0243104,CINE.pdf
Eco. El,El eco del abismo,1919,tt0389956,CINE.pdf
Eco. El,Reclamar el ECO,2012,tt2572986,CINE.pdf
Eco. El,El eco del polvo,2016,tt5761030,CINE.pdf
Eco. El,Anton y el Eco,2017,tt6673552,CINE.pdf
Eco. El,La guerra eco-anarquista contra el progreso en Chile,2016,tt9553086,CINE.pdf
Duma Duma,Duma,2005,tt0361715,CINE.pdf
Duma Duma,Duma o Kovpake: Nabat,1974,tt0070008,CINE.pdf
Duma Duma,Duma o Kovpake: Buran,1976,tt0072916,CINE.pdf
Duma Duma,Duma about Son,2017,tt7027460,CINE.pdf
Duma Duma,Poslednata duma,1973,tt0177128,CINE.pdf
Duma Duma,Duma Vez por Todas,1987,tt0090978,CINE.pdf
Duma Duma,"Duma o Kovpake: Karpaty, Karpaty...",1978,tt0074446,CINE.pdf
Duma Duma,Duma about Life (after Death),2020,tt10893702,CINE.pdf
Duma Duma,Duma about Mama,2021,tt14562870,CINE.pdf
Duma Duma,Duma about Justice,2023,tt15940154,CINE.pdf
Fantasma de la opera. El,El fantasma de la ópera,1960–,tt0346261,CINE.pdf
"Globo blanco, El",El Ascenso del Globo Blanco,2013,tt5575644,CINE.pdf
diablo. La 873,La Mujer del Diablo,2022–,tt17641100,CINE.pdf
diablo. La 873,La punta del diablo,2006,tt0479304,CINE.pdf
diablo. La 873,La Esquina Del Diablo,2015–,tt4392976,CINE.pdf
diablo. La 873,Entre ficheras anda el diablo - La pulquería 3,1984,tt0257611,CINE.pdf
diablo. La 873,La Hierba del Diablo,2024,tt30088312,CINE.pdf
diablo. La 873,El diablo fuma (y guarda las cabezas de los cerillos quemados en la misma caja),2025,tt35484319,CINE.pdf
diablo. La 873,La isla del diablo,1995,tt0164689,CINE.pdf
diablo. La 873,El diablo toca la flauta,1953,tt0045686,CINE.pdf
diablo. La 873,Un diablo bajo la almohada,1968,tt0061567,CINE.pdf
diablo. La 873,"Blancaflor, la hija del diablo",1988,tt0297796,CINE.pdf
Infierno. El 1001,Embajadores en el Infierno,1956,tt0049180,CINE.pdf
Infierno. El 1001,El cielo en el infierno,2016,tt5567572,CINE.pdf
Infierno. El 1001,El infierno tan temido,1980,tt0080924,CINE.pdf
Infierno. El 1001,Maruja en el infierno,1983,tt0085907,CINE.pdf
Infierno. El 1001,El infierno de todos tan temido,1981,tt0079341,CINE.pdf
Infierno. El 1001,En el infierno del Chaco,1932,tt0404936,CINE.pdf
Infierno. El 1001,Infierno en el paraíso,1999,tt0210422,CINE.pdf
Infierno. El 1001,"Francisco Boix, un fotógrafo en el infierno",2002,tt0295965,CINE.pdf
Infierno. El 1001,El trono del infierno,1994,tt0261367,CINE.pdf
Infierno. El 1001,El infierno vasco,2008,tt1329369,CINE.pdf
Invictus Invictus,Invictus,2009,tt1057500,CINE.pdf
Invictus Invictus,Heart of Invictus,2023,tt14491228,CINE.pdf
Invictus Invictus,Sol Invictus,2021,tt1584146,CINE.pdf
Invictus Invictus,The House Invictus,2020,tt7928156,CINE.pdf
Invictus Invictus,Invictus: El correo del César,2013,tt4270604,CINE.pdf
Invictus Invictus,Invictus: Matt Damon Plays Rugby,2010,tt2396581,CINE.pdf
Invictus Invictus,Invictus: In the Shadow of Olympus,2000,tt0230336,CINE.pdf
Invictus Invictus,Band of Gold: The Invictus Story,1999,tt2692590,CINE.pdf
Invictus Invictus,Invictus,2021,tt15211298,CINE.pdf
Invictus Invictus,Invictus,2021,tt16402880,CINE.pdf
Implacable. El 995,El rifle implacable,1965,tt0281133,CINE.pdf
Implacable. El 995,El luchador implacable,2006,tt1492816,CINE.pdf
Implacable. El 995,"Para Vivir, El Implacable Tiempo De Pablo Milanés",2025,tt32033583,CINE.pdf
Isla. La,Madonna: La Isla Bonita,1987,tt6672950,CINE.pdf
Isla. La,La isla de las tentaciones,2020–,tt10225276,CINE.pdf
Isla. La,La isla de las tentaciones,2020–,tt10999152,CINE.pdf
Isla. La,La isla del viento,2015,tt3904958,CINE.pdf
Isla. La,La Isla,2016,tt3422490,CINE.pdf
Isla. La,La isla de los dinosaurios,1967,tt0128279,CINE.pdf
Isla. La,La isla mínima: Making of,2015,tt5338236,CINE.pdf
Isla. La,"Molokai, la isla maldita",1959,tt0053075,CINE.pdf
Isla. La,La isla,2010,tt1725620,CINE.pdf
Isla. La,La isla,1979,tt0121408,CINE.pdf
Irreversible Irréversible  1031,Irreversible,2002,tt0290673,CINE.pdf
Irreversible Irréversible  1031,Irreversible,2004,tt0427393,CINE.pdf
Irreversible Irréversible  1031,Irreversible,2015,tt4539768,CINE.pdf
Irreversible Irréversible  1031,Irreversible,2017,tt7238684,CINE.pdf
Irreversible Irréversible  1031,Irreversible Desires,2023,tt29382607,CINE.pdf
Irreversible Irréversible  1031,Irreversible Choices,2016,tt5136868,CINE.pdf
Irreversible Irréversible  1031,Irreversible,2014,tt3520730,CINE.pdf
Irreversible Irréversible  1031,Irreversible,2012,tt4611766,CINE.pdf
Irreversible Irréversible  1031,Irreversible,2013–,tt2927712,CINE.pdf
Irreversible Irréversible  1031,Irreversible,2013,tt2724216,CINE.pdf
Isla .La,Madonna: La Isla Bonita,1987,tt6672950,CINE.pdf
Isla .La,La isla de las tentaciones,2020–,tt10225276,CINE.pdf
Isla .La,La isla de las tentaciones,2020–,tt10999152,CINE.pdf
Isla .La,La isla del viento,2015,tt3904958,CINE.pdf
Isla .La,La Isla,2016,tt3422490,CINE.pdf
Isla .La,La isla de los dinosaurios,1967,tt0128279,CINE.pdf
Isla .La,La isla mínima: Making of,2015,tt5338236,CINE.pdf
Isla .La,"Molokai, la isla maldita",1959,tt0053075,CINE.pdf
Isla .La,La isla,2010,tt1725620,CINE.pdf
Isla .La,La isla,1979,tt0121408,CINE.pdf
Juego Prohibido 1081,Juego de amor prohibido,1975,tt0073218,CINE.pdf
Jumanji Jumanji,Jumanji: Welcome to the Jungle,2017,tt2283362,CINE.pdf
Jumanji Jumanji,Jumanji,1995,tt0113497,CINE.pdf
Jumanji Jumanji,Jumanji: The Next Level,2019,tt7975244,CINE.pdf
Jumanji Jumanji,Jumanji,1996–1999,tt0115228,CINE.pdf
Jumanji Jumanji,Jumanji: Level One,2021,tt13249100,CINE.pdf
Jumanji Jumanji,Jumanji: The Video Game,2019,tt10436940,CINE.pdf
Jumanji Jumanji,Lions and Monkeys and Pods... Oh My!: The Special Effects of 'Jumanji',1999,tt0311446,CINE.pdf
Jumanji Jumanji,IMDb LIVE at the Jumanji: The Next Level Premiere,2019–,tt11341910,CINE.pdf
Jumanji Jumanji,Jumanji,1997,tt5586628,CINE.pdf
Jumanji Jumanji,Jumanji,2006,tt8703836,CINE.pdf
Metro. El,El asesino del metro,1991,tt0204149,CINE.pdf
Metro. El,El hombre que terminó con su novia en un vagón del metro,2013,tt2865426,CINE.pdf
Metro. El,La guerra por el metro cuadrado,2016,tt5185838,CINE.pdf
Metro. El,"El Metro, Una historia subterránea",2003,tt7685668,CINE.pdf
Metro. El,El perverso asesino del metro,2025,tt39310672,CINE.pdf
Monte Cristo The count of Monte,The Count of Monte Cristo,2002,tt0245844,CINE.pdf
Monte Cristo The count of Monte,The Count of Monte-Cristo,2024,tt26446278,CINE.pdf
Monte Cristo The count of Monte,The Count of Monte Cristo,1998,tt0167565,CINE.pdf
Monte Cristo The count of Monte,The Count of Monte Cristo,2024,tt29547746,CINE.pdf
Monte Cristo The count of Monte,The Count of Monte-Cristo,1975,tt0072824,CINE.pdf
Monte Cristo The count of Monte,The Count of Monte Cristo,1934,tt0025004,CINE.pdf
Monte Cristo The count of Monte,Gankutsuou: The Count of Monte Cristo,2004–2005,tt0437719,CINE.pdf
Monte Cristo The count of Monte,The Count of Monte Cristo,1954,tt0046415,CINE.pdf
Monte Cristo The count of Monte,The Story of the Count of Monte Cristo,1961,tt0054761,CINE.pdf
Monte Cristo The count of Monte,The Count of Monte Cristo,1943,tt0035752,CINE.pdf
Morgue. La,Le double assassinat de la rue Morgue,1973,tt0313993,CINE.pdf
Morgue. La,La vie selon Morgue,2014,tt4418866,CINE.pdf
Morgue. La,La Morgue,2014,tt6170260,CINE.pdf
Morgue. La,Algo extraño sucedió camino a la morgue,2017,tt7621072,CINE.pdf
Miss Pettigrew lives for day 1333,Miss Pettigrew Lives for a Day,2008,tt0970468,CINE.pdf
Muerte negra,El águila negra contra los enmascarados de la muerte,1958,tt0140715,CINE.pdf
Muerte negra,El águila negra en el tesoro de la muerte,1954,tt0140610,CINE.pdf
i Idea,You Have No Idea How Much I Love You,2016,tt5983406,CINE.pdf
i Idea,I Have No Idea,2008,tt1340718,CINE.pdf
i Idea,Google I/O: The Story of an Idea,2017,tt7191776,CINE.pdf
i Idea,"Yeah, I Have Absolutely No Idea",2008,tt7197994,CINE.pdf
i Idea,Will Kurtz: I Have No Fucking Idea What the Hell I Am Doing in This World,2017,tt8288856,CINE.pdf
i Idea,I Have No Idea,2010,tt27642053,CINE.pdf
i Idea,The Best Idea I Ever Stole,2007,tt1414285,CINE.pdf
i Idea,The Stupidest Idea I Ever Had,2014,tt6992150,CINE.pdf
i Idea,Idea i miecz,1979,tt0172010,CINE.pdf
Ocho y medio,Ocho Hombres y Medio,2021,tt32639101,CINE.pdf
Ojo 2. El,En el ojo del dragón 2 Soloptical Commercial Spot,2006,tt2407352,CINE.pdf
Papillón Papillon,Papillon,1973,tt0070511,CINE.pdf
Papillón Papillon,Papillon,2017,tt5093026,CINE.pdf
Papillón Papillon,Un papillon sur l'épaule,1978,tt0078439,CINE.pdf
Papillón Papillon,Le papillon fantastique,1909,tt0228696,CINE.pdf
Papillón Papillon,Papillon d'amour,2004,tt0390344,CINE.pdf
Papillón Papillon,Danse du papillon,1900,tt0000292,CINE.pdf
Papillón Papillon,Le papillon,2002,tt0383554,CINE.pdf
Papillón Papillon,Chasse papillon,2003,tt0312550,CINE.pdf
Papillón Papillon,La femme papillon,2003,tt0367726,CINE.pdf
Papillón Papillon,Papillon Rose,2006,tt1193110,CINE.pdf
Plan perfecto .El,El Plan Perfecto,2017,tt6037540,CINE.pdf
Plan perfecto .El,El plan perfecto,2008,tt1239271,CINE.pdf
Planeta terror,El planeta del terror,1972,tt0183654,CINE.pdf
Commercial Man  1691,Mattress Man Commercial,2003,tt0378338,CINE.pdf
Commercial Man  1691,Commercial Attacks Man,2006,tt3122976,CINE.pdf
Commercial Man  1691,Mattel He-Man and the Masters of Universe Toy Commercial,1986,tt13220110,CINE.pdf
Rent no day but today,No Day But Today: The Story of 'Rent',2006,tt0497421,CINE.pdf
Rojo amanecer,Cielo rojo al amanecer,2009,tt1691833,CINE.pdf
Sanjuro Tsubaki Sanjûrô,Tsubaki Sanjûrô,2007,tt0905366,CINE.pdf
Saint Laurent Saint Laurent,Yves Saint Laurent,2014,tt2707858,CINE.pdf
Saint Laurent Saint Laurent,Saint Laurent,2014,tt2707848,CINE.pdf
Saint Laurent Saint Laurent,Saint Laurent - Summer of '21,2020,tt13745532,CINE.pdf
Saint Laurent Saint Laurent,Yves Saint Laurent: His Life and Times,2002,tt0448265,CINE.pdf
Saint Laurent Saint Laurent,Yves Saint Laurent: 5 avenue Marceau 75116 Paris,2002,tt0392931,CINE.pdf
Saint Laurent Saint Laurent,Yves Saint Laurent: Opium,1990,tt35012262,CINE.pdf
Saint Laurent Saint Laurent,Yves Saint Laurent: Opium,2011,tt8421662,CINE.pdf
Saint Laurent Saint Laurent,Yves Saint Laurent: La Nuit de l`Homme,2011,tt35012115,CINE.pdf
Saint Laurent Saint Laurent,Yves Saint Laurent - Firestarter,2017,tt14807452,CINE.pdf
Saint Laurent Saint Laurent,Les Îles du Saint-Laurent,1941,tt15791386,CINE.pdf
Son de mar,El mar de los que son,2014,tt7270844,CINE.pdf
Vengador. El,El ángel vengador: Calígula,1994–,tt0161125,CINE.pdf
Vengador. El,El Zorro vengador,1962,tt0278832,CINE.pdf
Vengador. El,El vengador del 30-06,1983,tt0352972,CINE.pdf
Vengador. El,El Vengador Del Mojado,2016,tt6247120,CINE.pdf
Vengador. El,El gavilán vengador,1955,tt0372294,CINE.pdf
Vengador. El,El justiciero vengador,1962,tt0277058,CINE.pdf
Vengador. El,El vengador,1949,tt0252082,CINE.pdf
Vengador. El,El aguila negra en 'El vengador solitario',1954,tt0140676,CINE.pdf
Vengador. El,El forastero vengador,1967,tt0282497,CINE.pdf
Vengador. El,El vengador de Sinaloa,1994,tt0290327,CINE.pdf
"Vida es bella, La",La vida no es bella,2013,tt7718674,CINE.pdf
Victima. La,La última víctima,2011,tt2100565,CINE.pdf
Victima. La,La Victima,2013,tt2712710,CINE.pdf
Victima. La,La Víctima,2015,tt8656148,CINE.pdf
Victima. La,La Siguiente Victima,2007,tt8788438,CINE.pdf
Victima. La,La victima número 8: Presentación.,2018,tt10912744,CINE.pdf
Victima. La,La primera víctima,2018,tt13212234,CINE.pdf
Victima. La,Tina la cuarta víctima,2021,tt15563670,CINE.pdf
Victima. La,Tina la cuarta víctima,2021,tt15568558,CINE.pdf
Victima. La,La Decima Victima,1991,tt18767188,CINE.pdf
Victima. La,"Nisman, la víctima 86",2023,tt27505279,CINE.pdf
