Title,Year,Rated,Released,Runtime,Genre,Director,Writer,Actors,Plot,Language,Country,Awards,Poster,Ratings,Metascore,imdbRating,imdbVotes,imdbID,Type,DVD,BoxOffice,Production,Website,Response,OriginalTitle,totalSeasons
2001: A Space Odyssey,1968,G,12 May 1968,149 min,"Adventure, Sci-Fi",Stanley Kubrick,"Stanley Kubrick, Arthur C. Clarke","Keir Dullea, Gary Lockwood, William Sylvester","""2001"" is a story of evolution. Sometime in the distant past, someone or something nudged evolution by placing a monolith on Earth (presumably elsewhere throughout the universe as well). Evolution then enabled humankind to reach the moon's surface, where yet another monolith is found, one that signals the monolith placers that humankind has evolved that far. Now a race begins between computers (HAL) and human (Bowman) to reach the monolith placers. The winner will achieve the next step in evolution, whatever that may be.","English, Russian, French","United Kingdom, United States",Won 1 Oscar. 18 wins & 14 nominations total,https://m.media-amazon.com/images/M/MV5BNjU0NDFkMTQtZWY5OS00MmZhLTg3Y2QtZmJhMzMzMWYyYjc2XkEyXkFqcGc@._V1_SX300.jpg,"[{'Source': 'Internet Movie Database', 'Value': '8.3/10'}, {'Source': 'Rotten Tomatoes', 'Value': '90%'}, {'Source': 'Metacritic', 'Value': '84/100'}]",84,8.3,"772,787",tt0062622,movie,N/A,"$60,481,243",N/A,N/A,True,Dos mil uno:odisea del espacio,
Tear This Heart Out,2008,R,12 Sep 2008,107 min,Drama,Roberto Sneider,"Ángeles Mastretta, Roberto Sneider","Ana Claudia Talancón, Daniel Giménez Cacho, José María de Tavira","Set in 1930's in Puebla, Mexico, a young woman finds herself in an arranged marriage to a prominent politician (Andres Ascencio). As his career progresses, she finds it more difficult to remain a loyal, loving wife.",Spanish,Mexico,6 wins & 3 nominations,https://m.media-amazon.com/images/M/MV5BMjg1NTYwMTEyMF5BMl5BanBnXkFtZTcwMzcxNjk5MQ@@._V1_SX300.jpg,"[{'Source': 'Internet Movie Database', 'Value': '7.4/10'}]",N/A,7.4,"2,807",tt1130981,movie,N/A,N/A,N/A,N/A,True,Arráncame la vida,
Leaving Las Vegas,1995,R,09 Feb 1996,111 min,"Drama, Romance",Mike Figgis,"John O'Brien, Mike Figgis","Nicolas Cage, Elisabeth Shue, Julian Sands","Because his wife left him and took his son with her, screenwriter Ben Sanderson has started drinking, a lot. He's getting more and more isolated and he troubles women in bars because he wants to have sex with them. When he gets fired, he decides to leave everything behind and move to Las Vegas and drink himself to death. In Las Vegas he meets Sera, a prostitute with some problems as well who he moves in with.","English, Russian, Latvian",United States,Won 1 Oscar. 32 wins & 30 nominations total,https://m.media-amazon.com/images/M/MV5BNDg3MDM5NTI0MF5BMl5BanBnXkFtZTcwNDY0NDk0NA@@._V1_SX300.jpg,"[{'Source': 'Internet Movie Database', 'Value': '7.5/10'}, {'Source': 'Rotten Tomatoes', 'Value': '90%'}, {'Source': 'Metacritic', 'Value': '82/100'}]",82,7.5,"142,636",tt0113627,movie,N/A,"$32,029,928",N/A,N/A,True,Adiós a las Vegas,
Total Recall,1990,R,01 Jun 1990,113 min,"Action, Adventure, Sci-Fi",Paul Verhoeven,"Philip K. Dick, Ronald Shusett, Dan O'Bannon","Arnold Schwarzenegger, Sharon Stone, Michael Ironside",Douglas Quaid is haunted by a recurring dream about a journey to Mars. He hopes to find out more about this dream and buys a holiday at Rekall Inc. where they sell implanted memories. But something goes wrong with the memory implantation and he remembers being a secret agent fighting against the evil Mars administrator Cohaagen. Now the story really begins and it's a rollercoaster ride until the massive end of the movie.,English,"United States, Mexico, Netherlands",Nominated for 2 Oscars. 7 wins & 16 nominations total,https://m.media-amazon.com/images/M/MV5BZjRlMzBkOGMtMTA1Ny00ZWI4LTkzMDItOGVkNWJkN2E4ZTkwXkEyXkFqcGc@._V1_SX300.jpg,"[{'Source': 'Internet Movie Database', 'Value': '7.5/10'}, {'Source': 'Rotten Tomatoes', 'Value': '81%'}, {'Source': 'Metacritic', 'Value': '60/100'}]",60,7.5,"378,339",tt0100802,movie,N/A,"$119,412,921",N/A,N/A,True,"""vengador del futuro, El""",
The Cloning of Joanna May,1992,N/A,25 Jan 1992,180 min,Sci-Fi,Philip Saville,"Fay Weldon (novel), Ted Whitehead","Patricia Hodge, Brian Cox, Billie Whitelaw","Joanna once was married to Carl May, a very rich and powerful nuclear energy magnate. They love each other, but had to divorce after Joanna was caught on an incidental love affair. Since then Carl has made Joanna's life impossible. 10 years later she's fed up with the situation and decides to visit him, only to find that once he made three copies of her.",English,United Kingdom,1 nomination,https://m.media-amazon.com/images/M/MV5BMzMxMDVhYzctODE5My00ZWQwLTk0N2YtODIyNWFhYjkxNzgxXkEyXkFqcGdeQXVyMzYyMzU2OA@@._V1_SX300.jpg,"[{'Source': 'Internet Movie Database', 'Value': '6.5/10'}]",N/A,6.5,87,tt0101594,series,,,,,True,¡Clonación!,N/A
Naked Lunch,1991,R,24 Apr 1992,115 min,"Drama, Mystery",David Cronenberg,"William S. Burroughs, David Cronenberg","Peter Weller, Judy Davis, Ian Holm","Not an adaptation of beat writer William S. Burrough's novel but a mix of biography and an interpretation of his drug- induced writing processes combined with elements of his work in this paranoid fantasy about Bill Lee, a writer who accidentally shoots his wife, whose typewriter transforms into a cockroach and who becomes involved in a mysterious plot in North African port called Interzone. Wonderfully bizarre, not unlike Burrough's books.","English, Arabic, Spanish, German","Netherlands, United Kingdom, Japan, Canada",13 wins & 17 nominations total,https://m.media-amazon.com/images/M/MV5BYzBkOWM0MTYtN2QwYy00YTg3LWIwNmEtMGRlNDNhN2UyNjU3XkEyXkFqcGc@._V1_SX300.jpg,"[{'Source': 'Internet Movie Database', 'Value': '6.9/10'}, {'Source': 'Rotten Tomatoes', 'Value': '73%'}, {'Source': 'Metacritic', 'Value': '67/100'}]",67,6.9,"60,571",tt0102511,movie,N/A,"$2,641,357",N/A,N/A,True,"""almuerzo desnudo,El""",
Brainstorm,1983,PG,30 Sep 1983,106 min,"Sci-Fi, Thriller",Douglas Trumbull,"Bruce Joel Rubin, Robert Stitzel, Philip Frank Messina","Christopher Walken, Natalie Wood, Louise Fletcher","Brilliant researchers Lillian Reynolds and Michael Brace have developed a system of recording and playing back actual experiences of people. Once the capability of tapping into ""higher brain functions"" is added in, and you can actually jump into someone else's head and play back recordings of what he or she was thinking, feeling, seeing, etc., at the time of the recording, the applications of the project quickly spiral out of control. While Michael Brace uses the system to become close again to Karen Brace, his estranged wife who also works on the project, others start abusing it for intense sexual experiences and other logical but morally questionable purposes. The government tries to kick Michael and Lillian off the project once the vast military potential of the technology is discovered. It soon becomes obvious that the government is interested in more than just missile guidance systems. The lab starts producing mind torture recordings and other psychosis inducing material. When one of the researchers dies and tapes the experience of death, Michael is convinced that he must play back this tape to honor the memory of the researcher and to become enlightened. When another researcher dies during playback the tape is locked away and Michael has to fight against his former colleagues and the government lackeys that now run his lab in order to play back and confront the ""scariest thing any of us will ever face"" - death itself.",English,United States,2 wins & 6 nominations total,https://m.media-amazon.com/images/M/MV5BYzU3MjEyOGEtNWNiZC00YjVjLTg0OWUtOTZhMTk5NTkyNGY1XkEyXkFqcGc@._V1_SX300.jpg,"[{'Source': 'Internet Movie Database', 'Value': '6.4/10'}, {'Source': 'Rotten Tomatoes', 'Value': '57%'}, {'Source': 'Metacritic', 'Value': '57/100'}]",57,6.4,"14,241",tt0085271,movie,N/A,"$10,219,460",N/A,N/A,True,Bicho de siete cabezas,
Reprise,2006,R,08 Sep 2006,105 min,Drama,Joachim Trier,"Joachim Trier, Eskil Vogt","Anders Danielsen Lie, Espen Klouman Høiner, Viktoria Winge","Two competitive friends, fueled by literary aspirations and youthful exuberance, endure the pangs of love, depression and burgeoning careers.",Norwegian,Norway,16 wins & 16 nominations,https://m.media-amazon.com/images/M/MV5BMTI0NjYzMjkxMl5BMl5BanBnXkFtZTcwMDk4NTE3MQ@@._V1_SX300.jpg,"[{'Source': 'Internet Movie Database', 'Value': '7.3/10'}, {'Source': 'Rotten Tomatoes', 'Value': '88%'}, {'Source': 'Metacritic', 'Value': '79/100'}]",79,7.3,"16,018",tt0827517,movie,N/A,"$554,826",N/A,N/A,True,Vivir de nuevo,
Kept and Dreamless,2005,Unrated,15 Oct 2005,97 min,"Comedy, Drama","Martín De Salvo, Vera Fogwill",Vera Fogwill,"Vera Fogwill, Lucía Snieg, Mirta Busnelli","Florence, a young irresponsible mother &amp; and her precocious daughter, Eugenia, have an unusual relationship. The roles between the two are reversed. Florence is totally inept at caring for a daughter, whereas Eugenia, only 10 years old, shows maturity and responsibility far beyond what her age might lead you to suppose.",Spanish,"Argentina, France, Netherlands, Spain",10 wins & 3 nominations,https://m.media-amazon.com/images/M/MV5BMTc2OTA5OTY0MF5BMl5BanBnXkFtZTcwNTcxNzY5MQ@@._V1_SX300.jpg,"[{'Source': 'Internet Movie Database', 'Value': '6.7/10'}]",N/A,6.7,525,tt0365479,movie,N/A,N/A,N/A,N/A,True,mantenidas sin sueños.Las,
Scarface,1983,R,09 Dec 1983,170 min,"Crime, Drama",Brian De Palma,"Oliver Stone, Howard Hawks, Ben Hecht","Al Pacino, Michelle Pfeiffer, Steven Bauer","Tony Montana manages to leave Cuba during the Mariel exodus of 1980. He finds himself in a Florida refugee camp but his friend Manny has a way out for them: undertake a contract killing and arrangements will be made to get a green card. He's soon working for drug dealer Frank Lopez and shows his mettle when a deal with Colombian drug dealers goes bad. He also brings a new level of violence to Miami. Tony is protective of his younger sister but his mother knows what he does for a living and disowns him. Tony is impatient and wants it all however, including Frank's empire and his mistress Elvira Hancock. Once at the top however, Tony's outrageous actions make him a target and everything comes crumbling down.","English, Spanish",United States,8 nominations total,https://m.media-amazon.com/images/M/MV5BNDUzYjY0NmUtMDM4OS00Y2Q5LWJiODYtNTk0ZTk0YjZhMTg1XkEyXkFqcGc@._V1_SX300.jpg,"[{'Source': 'Internet Movie Database', 'Value': '8.3/10'}, {'Source': 'Rotten Tomatoes', 'Value': '79%'}, {'Source': 'Metacritic', 'Value': '65/100'}]",65,8.3,"1,005,376",tt0086250,movie,N/A,"$45,967,303",N/A,N/A,True,Cara cortada,
Bitter Moon,1992,R,18 Mar 1994,139 min,"Drama, Romance, Thriller",Roman Polanski,"Pascal Bruckner, Roman Polanski, Gérard Brach","Hugh Grant, Kristin Scott Thomas, Emmanuelle Seigner","British couple Fiona (Dame Kristin Scott Thomas) and Nigel (Hugh Grant) are sailing to Istanbul en route to India. They encounter a beautiful French woman, and that night, Nigel meets her while dancing alone in the ship's bar. Later, he meets her crippled American husband Oscar (Peter Coyote), who tells him their story. While living in Paris for several years trying to be a writer, he becomes obsessed with a woman he met by chance on a bus. He tracks her down and they start a steamy love affair. Soon, Oscar finds himself enslaved body and soul by her love, and continues to tell Nigel the details of this relationship in various stages over several visits to Oscar's cabin.","English, French","United Kingdom, France",1 win & 2 nominations total,https://m.media-amazon.com/images/M/MV5BMDEwOWE1ZGItYTg4Ny00MTlmLTgwZDEtMTRlY2QyODkzNTk4XkEyXkFqcGc@._V1_SX300.jpg,"[{'Source': 'Internet Movie Database', 'Value': '7.2/10'}, {'Source': 'Rotten Tomatoes', 'Value': '64%'}, {'Source': 'Metacritic', 'Value': '62/100'}]",62,7.2,"44,723",tt0104779,movie,N/A,"$1,862,805",N/A,N/A,True,Luna amarga,
Drunken Angel,1948,Not Rated,30 Dec 1959,102 min,"Crime, Drama, Romance",Akira Kurosawa,"Keinosuke Uekusa, Akira Kurosawa","Takashi Shimura, Toshirô Mifune, Reizaburô Yamamoto","After a battle with rival criminals, a small-time gangster is treated by an alcoholic doctor in post-war Japan. The doctor diagnoses the young gangster's tuberculosis, and convinces him to begin treatment for it. The two enjoy an uneasy friendship until the gangster's former boss is released from prison and seeks to take over his gang once again. The ailing young man loses his status as gang boss and becomes ostracised, and eventually confronts his former boss in a battle to the death.",Japanese,Japan,4 wins total,https://m.media-amazon.com/images/M/MV5BODI1MDE2MGUtNzIwNi00ZWZiLTgzYWItNTcwNjYxNGJkYzc2XkEyXkFqcGc@._V1_SX300.jpg,"[{'Source': 'Internet Movie Database', 'Value': '7.6/10'}, {'Source': 'Rotten Tomatoes', 'Value': '94%'}]",N/A,7.6,"14,107",tt0040979,movie,N/A,"$46,808",N/A,N/A,True,"""ángel borracho, El""",
The Danish Girl,2015,R,22 Jan 2016,119 min,"Biography, Drama",Tom Hooper,"Lucinda Coxon, David Ebershoff","Eddie Redmayne, Alicia Vikander, Amber Heard","Copenhagen, Denmark, 1926. Einar Wegener (played by Eddie Redmayne) and his wife Gerda (Alicia Vikander) are a happily married couple. Both are artists, Einar preferring landscapes and she portraits. One day Einar poses for a portrait of Gerda's while wearing a dress. This is initially done as a lark, as is the later attendance at a party dressed as a woman. However, Einar soon discovers that she is in fact a woman and over time prefers being Lili. At first she and Gerda try to have her situation ""cured"" but this leads nowhere (other than to many doctors trying to have Lili locked up as a pervert and/or lunatic). Her voyage of self-discovery will ultimately lead to her undergoing the first ever sex-change operation.","English, French, German, Ukrainian","United Kingdom, United States, Germany, Denmark, Belgium, Japan",Won 1 Oscar. 32 wins & 82 nominations total,https://m.media-amazon.com/images/M/MV5BMjA0NjA4NjE2Nl5BMl5BanBnXkFtZTgwNzIxNTY2NjE@._V1_SX300.jpg,"[{'Source': 'Internet Movie Database', 'Value': '7.1/10'}, {'Source': 'Rotten Tomatoes', 'Value': '66%'}, {'Source': 'Metacritic', 'Value': '66/100'}]",66,7.1,"204,119",tt0810819,movie,N/A,"$11,114,018",N/A,N/A,True,La chica danesa,
The Blue Room,2014,R,17 May 2014,76 min,"Crime, Drama, Mystery",Mathieu Amalric,"Stéphanie Cléau, Mathieu Amalric, Georges Simenon","Mathieu Amalric, Léa Drucker, Stéphanie Cléau","A man and a woman, secretly in love, alone in a room. They desire each other, want each other, and even bite each other. In the afterglow, they share a few sweet nothings. At least the man seemed to believe they were nothing. Now under investigation by the police and the courts, what is he accused of?",French,France,1 win & 5 nominations total,https://m.media-amazon.com/images/M/MV5BNmExNTI0YmYtZTVkNy00NjA2LTk1NWYtMThmMzIxOWY1NmMwXkEyXkFqcGc@._V1_SX300.jpg,"[{'Source': 'Internet Movie Database', 'Value': '6.3/10'}, {'Source': 'Rotten Tomatoes', 'Value': '88%'}, {'Source': 'Metacritic', 'Value': '73/100'}]",73,6.3,"3,812",tt3230082,movie,N/A,"$254,666",N/A,N/A,True,"""habitación azul, La""",
Bad Education,2004,R,11 Feb 2005,106 min,"Crime, Drama",Pedro Almodóvar,Pedro Almodóvar,"Gael García Bernal, Fele Martínez, Javier Cámara","In the early 60s, two boys - Ignacio and Enrique - discover love, movies and fear in a Christian school. Father Manolo, the school principal and Literature teacher, both witnesses and takes part in these discoveries. The three characters come against one another twice again, in the late 70s and in 1980. These meetings are set to change the life and death of some of them.","Spanish, Latin","Spain, Belgium",Nominated for 1 BAFTA Award16 wins & 42 nominations total,https://m.media-amazon.com/images/M/MV5BODM1NmQ2YmQtM2RkMC00ZTYyLTgwMDktODUzYjFlMzBkYTYzXkEyXkFqcGc@._V1_SX300.jpg,"[{'Source': 'Internet Movie Database', 'Value': '7.4/10'}, {'Source': 'Rotten Tomatoes', 'Value': '88%'}, {'Source': 'Metacritic', 'Value': '81/100'}]",81,7.4,"64,993",tt0275491,movie,N/A,"$5,284,284",N/A,N/A,True,mala educación,
Brokeback Mountain,2005,R,13 Jan 2006,134 min,"Drama, Romance",Ang Lee,"Annie Proulx, Larry McMurtry, Diana Ossana","Jake Gyllenhaal, Heath Ledger, Michelle Williams","Their acquaintance began on the warm summer of 1963, when cowboys, Ennis Del Mar and Jack Twist, ended up on the sheep farm of Joe Aguirre in Brokeback Mountain, Wyoming while looking for work. Under unexpected circumstances, little by little, the two men developed an intimate relationship that turned into a profound but secret bond, right under the nose of their families. However, love, and its many faces, is eternal. Who can stop love, life's ultimate truth?","English, Spanish","Canada, United States",Won 3 Oscars. 141 wins & 133 nominations total,https://m.media-amazon.com/images/M/MV5BMzM4OWFjMTMtZjNjOS00YmU3LTlhY2MtNjFiMTVkN2Y1OTZlXkEyXkFqcGc@._V1_SX300.jpg,"[{'Source': 'Internet Movie Database', 'Value': '7.7/10'}, {'Source': 'Rotten Tomatoes', 'Value': '88%'}, {'Source': 'Metacritic', 'Value': '87/100'}]",87,7.7,"414,080",tt0388795,movie,N/A,"$84,111,816",N/A,N/A,True,"""Secreto en la montaña, El""",
The Story of O,1975,NC-17,14 Nov 1975,97 min,Drama,Just Jaeckin,"Sébastien Japrisot, Dominique Aury","Corinne Cléry, Udo Kier, Anthony Steel","The beautiful O is taken by her boyfriend, Rene, to a bizarre retreat, where she is trained in bondage and sexual perversion. Rene discharges a personal debt by transferring possession of O to his step-brother, Sir Stephen...","French, English, Polish","France, West Germany, Canada",N/A,https://m.media-amazon.com/images/M/MV5BMjVlMTQ0ODctYWVkYi00YzU3LWEwOWEtN2FiYWQ2NzUwYzI4XkEyXkFqcGc@._V1_SX300.jpg,"[{'Source': 'Internet Movie Database', 'Value': '5.3/10'}, {'Source': 'Rotten Tomatoes', 'Value': '33%'}]",N/A,5.3,"7,351",tt0073115,movie,N/A,N/A,N/A,N/A,True,"""historia de Richard O, La""",
Boys Don't Cry,1999,R,31 Mar 2000,118 min,"Biography, Crime, Drama",Kimberly Peirce,"Kimberly Peirce, Andy Bienen","Hilary Swank, Chloë Sevigny, Peter Sarsgaard","Based on actual events. Brandon Teena is the popular new guy in a tiny Nebraska town. He hangs out with the guys, drinking, cussing, and bumper surfing, and he charms the young women, who've never met a more sensitive and considerate young man. Life is good for Brandon, now that he's one of the guys and dating hometown beauty Lana; however, he's forgotten to mention one important detail. It's not that he's wanted in another town for GTA and other assorted crimes, but that Brandon Teena was actually born a woman named Teena Brandon. When his best friends make this discovery, Brandon's life is ripped apart.",English,United States,Won 1 Oscar. 50 wins & 39 nominations total,https://m.media-amazon.com/images/M/MV5BYTMwYWZkOWQtMDY4My00MzE5LThkODAtN2Q2Y2FmNzY3ZmE2XkEyXkFqcGc@._V1_SX300.jpg,"[{'Source': 'Internet Movie Database', 'Value': '7.5/10'}, {'Source': 'Rotten Tomatoes', 'Value': '90%'}, {'Source': 'Metacritic', 'Value': '86/100'}]",86,7.5,"107,093",tt0171804,movie,N/A,"$11,540,607",N/A,N/A,True,muchachos no lloran,
Batman: Assault on Arkham,2014,PG-13,29 Jul 2014,76 min,"Animation, Action, Adventure, Crime, Sci-Fi, Thriller","Jay Oliva, Ethan Spaulding","Heath Corson, Bob Kane (Batman created by), Lew Schwartz (Deadshot co-created by), John Ostrander (Amanda Waller created by), John Byrne (Amanda Waller created by), Paul Dini (Harley Quinn created by), Bruce Timm (Harley Quinn created by)","Kevin Conroy, Neal McDonough, Hynden Walch, Matthew Gray Gubler","In Gotham City, the Riddler has secret information on the top secret Task Force X that he threatens to make public, but before Amanda Waller can have him killed, he is captured by Batman. Now with Riddler imprisoned in Arkham Asylum, Amanda Waller reassembles the Suicide Squad of captured supervillains with the mission to infiltrate the forensic mental hospital to retrieve Riddler's information. Led by Deadshot, this black ops team makes their way into the facility, only to face complications from within and without the team with secret agendas and double crosses all around. Meanwhile, Batman has his own concerns with an urgent search for The Joker's deadly bomb that threatens Gotham City. Eventually, all these players converge on Arkham Asylum for a showdown that few are going to escape alive.",English,USA,3 wins & 2 nominations.,https://m.media-amazon.com/images/M/MV5BZDU1ZGRiY2YtYmZjMi00ZDQwLWJjMWMtNzUwNDMwYjQ4ZTVhXkEyXkFqcGdeQXVyNTAyODkwOQ@@._V1_SX300.jpg,"[{'Source': 'Internet Movie Database', 'Value': '7.5/10'}, {'Source': 'Rotten Tomatoes', 'Value': '78%'}]",N/A,7.5,"31,970",tt3139086,movie,N/A,N/A,N/A,N/A,True,Batman :ataque arkaham,
Batman: Under the Red Hood,2010,PG-13,27 Jul 2010,75 min,"Animation, Action, Crime, Drama, Mystery, Sci-Fi, Thriller",Brandon Vietti,"Judd Winick, Bob Kane (Batman created by)","Bruce Greenwood, Jensen Ackles, John DiMaggio, Neil Patrick Harris","Batman faces his ultimate challenge as the mysterious Red Hood takes Gotham City by firestorm. One part vigilante, one part criminal kingpin, Red Hood begins cleaning up Gotham with the efficiency of Batman, but without following the same ethical code. Killing is an option. And when the Joker falls in the balance between the two, hard truths are revealed and old wounds are reopened.",English,USA,1 nomination.,https://m.media-amazon.com/images/M/MV5BNmY4ZDZjY2UtOWFiYy00MjhjLThmMjctOTQ2NjYxZGRjYmNlL2ltYWdlL2ltYWdlXkEyXkFqcGdeQXVyNTAyODkwOQ@@._V1_SX300.jpg,"[{'Source': 'Internet Movie Database', 'Value': '8.1/10'}, {'Source': 'Rotten Tomatoes', 'Value': '100%'}]",N/A,8.1,"56,401",tt1569923,movie,N/A,N/A,N/A,N/A,True,Batman el misterio de la capucha roja,
Bleach: Memories of Nobody,2006,TV-14,16 Dec 2006,87 min,"Animation, Action, Adventure",Noriyuki Abe,"Masashi Sogo, Tite Kubo","Masakazu Morita, Fumiko Orikasa, Hiroki Yasumoto","In Karakura Town, unidentifiable spirits begin appearing en mases. While attempting to deal with these strange souls, Ichigo Kurosaki and Rukia Kuchiki meet Senna, a mysterious shinigami who wipes out most of them. Senna refuses to answer any questions, so Ichigo is forced to follow her while Rukia tries to find out what's going on.",Japanese,Japan,N/A,https://m.media-amazon.com/images/M/MV5BNTI3MzA0NzM0NF5BMl5BanBnXkFtZTcwODY4MjY5MQ@@._V1_SX300.jpg,"[{'Source': 'Internet Movie Database', 'Value': '7.1/10'}]",N/A,7.1,"5,420",tt1105263,movie,N/A,N/A,N/A,N/A,True,"""Bleach double feature, Memories of""",
Batman: Year One,2011,PG-13,18 Oct 2011,64 min,"Animation, Action, Crime, Drama, Thriller","Sam Liu, Lauren Montgomery","Bob Kane (Batman created by), Tab Murphy, Frank Miller (graphic novel), David Mazzucchelli (graphic novel), Richmond Lewis (graphic novel)","Bryan Cranston, Ben McKenzie, Eliza Dushku, Jon Polito","Two men come to Gotham City: Bruce Wayne after years abroad feeding his lifelong obsession for justice and Jim Gordon after being too honest a cop with the wrong people elsewhere. After learning painful lessons about the city's corruption on its streets and police department respectively, this pair learn how to fight back their own way. With that, Gotham's evildoers from top to bottom are terrorized by the mysterious Batman and the equally heroic Gordon is assigned to catch him by comrades who both hate and fear him themselves. In the ensuing manhunt, both find much in common as the seeds of an unexpected friendship are laid with additional friends and rivals helping to start the legend.","English, French, Spanish",USA,1 win.,https://m.media-amazon.com/images/M/MV5BNTJjMmVkZjctNjNjMS00ZmI2LTlmYWEtOWNiYmQxYjY0YWVhXkEyXkFqcGdeQXVyNTAyODkwOQ@@._V1_SX300.jpg,"[{'Source': 'Internet Movie Database', 'Value': '7.4/10'}, {'Source': 'Rotten Tomatoes', 'Value': '89%'}]",N/A,7.4,"32,117",tt1672723,movie,N/A,N/A,N/A,N/A,True,Batman año uno,
Lupin III: The Castle of Cagliostro,1979,PG-13,15 Dec 1979,102 min,"Animation, Adventure, Comedy",Hayao Miyazaki,"Monkey Punch, Maurice Leblanc, Hayao Miyazaki","Yasuo Yamada, Eiko Masuyama, Kiyoshi Kobayashi","After successfully robbing the Monte Carlo Casino, Lupin The Third and Jigen Daisuke soon learn that their money is in fact counterfeit and they go after the man responsible: Count Lazare de Cagliostro. The two soon find out that the Count is behind something far worse than counterfeiting money for casinos: he has been keeping a family secret hidden deep in his castle. Can Lupin find out what this is and live to tell the tale? With the help of Jigen and the wise samurai Goemon Ishikawa XIII, Lupin is hell-bent on finding out the Cagliostro family's secret fortune and make it his own.","Japanese, English, French",Japan,1 win & 1 nomination total,https://m.media-amazon.com/images/M/MV5BYjQwZWNkMTYtYTU2Ny00YzgyLTljYTMtNjc0MjRkNWY5NDM4XkEyXkFqcGc@._V1_SX300.jpg,"[{'Source': 'Internet Movie Database', 'Value': '7.6/10'}, {'Source': 'Rotten Tomatoes', 'Value': '95%'}, {'Source': 'Metacritic', 'Value': '72/100'}]",72,7.6,"35,395",tt0079833,movie,N/A,"$142,425",N/A,N/A,True,El castillo de Cagliostro,
Castle in the Sky,1986,PG,19 Jul 1991,124 min,"Animation, Adventure, Family",Hayao Miyazaki,"Hayao Miyazaki, Jonathan Swift","Mayumi Tanaka, Keiko Yokozawa, Kotoe Hatsui","A young boy stumbles into a mysterious girl who floats down from the sky. The girl, Sheeta, was chased by pirates, army and government secret agents. In saving her life, they begin a high flying adventure that goes through all sorts of flying machines, eventually searching for Sheeta's identity in a floating castle of a lost civilization.",Japanese,Japan,1 win total,https://m.media-amazon.com/images/M/MV5BZjcyMjg2MzktNjg4YS00MjQzLTg0YWQtMjUyZDk2Y2Y0YzZjXkEyXkFqcGc@._V1_SX300.jpg,"[{'Source': 'Internet Movie Database', 'Value': '8.0/10'}, {'Source': 'Rotten Tomatoes', 'Value': '96%'}, {'Source': 'Metacritic', 'Value': '78/100'}]",78,8.0,"196,825",tt0092067,movie,N/A,"$523,664",N/A,N/A,True,El castillo en el cielo,
Evangelion: 1.0 You Are (Not) Alone,2007,PG-13,01 Sep 2007,98 min,"Animation, Action, Drama","Hiroshi Haraguchi, Masayuki, Kazuya Tsurumaki",Hideaki Anno,"Megumi Ogata, Megumi Hayashibara, Kotono Mitsuishi",The fate of the world is threatened by seemingly monstrous entities known as Angels. NERV is an organisation set up to counter this threat and it is up to young pilots to protect Earth but exactly what are the real motives behind NERV?,"Japanese, German, Spanish, Catalan, English, French, Italian, Portuguese, Russian, Cantonese",Japan,3 wins & 1 nomination total,https://m.media-amazon.com/images/M/MV5BMDQwZWFmNTMtY2RjYS00OWIxLTlkNmMtNjQwMWIwZTk1OGFlXkEyXkFqcGc@._V1_SX300.jpg,"[{'Source': 'Internet Movie Database', 'Value': '7.5/10'}, {'Source': 'Rotten Tomatoes', 'Value': '67%'}, {'Source': 'Metacritic', 'Value': '66/100'}]",66,7.5,"30,946",tt0923811,movie,N/A,"$107,797",N/A,N/A,True,Evangelión : I. II,
Iron Man & Hulk: Heroes United,2013,PG,03 Dec 2013,71 min,"Animation, Action, Adventure, Family, Sci-Fi","Eric Radomski, Leo Riley","Henry Gilroy, Brandon Auman, Stan Lee (characters), Jack Kirby (characters), Larry Lieber (characters), Don Heck (characters)","Adrian Pasdar, Fred Tatasciore, Dee Bradley Baker, Robin Atkin Downes","The Invincible Iron Man and the Incredible Hulk must join forces to save the Earth from its greatest threat yet! When two Hydra scientists try to supercharge a Stark Arc Reactor with Hulk's Gamma Energy, they unleash a being of pure electricity called Zzzax - and he's hungry for destruction. Together, Iron Man and Hulk are the only force that stands in the way of the Zzzax's planetary blackout. But first, the super heroic duo will have to get through snarling Wendigos, deadly robots and the scaly powerhouse, Abomination. Can two of Marvel's mightiest heroes find a way to work together without smashing each other before time runs out?",English,USA,N/A,https://m.media-amazon.com/images/M/MV5BMDVlZjcxZWYtZWEzZS00NjY3LTlmZjItNzljZWM1ZTMwZmM5XkEyXkFqcGdeQXVyNTAyODkwOQ@@._V1_SX300.jpg,"[{'Source': 'Internet Movie Database', 'Value': '4.7/10'}]",N/A,4.7,"2,196",tt3221698,movie,N/A,N/A,N/A,N/A,True,Iron Man y Hulk,
Kiki's Delivery Service,1989,G,20 Dec 1990,103 min,"Animation, Family, Fantasy",Hayao Miyazaki,"Eiko Kadono, Hayao Miyazaki","Minami Takayama, Rei Sakuma, Mieko Nobusawa","This is the story of a young witch, named Kiki who is now 13 years old. But she is still a little green and plenty headstrong, but also resourceful, imaginative, and determined. With her trusty wisp of a talking cat named Jiji by her side she's ready to take on the world, or at least the quaintly European seaside village she's chosen as her new home.","Japanese, English",Japan,4 wins total,https://m.media-amazon.com/images/M/MV5BOTFhYWI1NGUtZWFhZS00MTdkLWIzZTItMDBhNWNiZDNlMjYyXkEyXkFqcGc@._V1_SX300.jpg,"[{'Source': 'Internet Movie Database', 'Value': '7.8/10'}, {'Source': 'Metacritic', 'Value': '85/100'}]",85,7.8,"185,670",tt0097814,movie,08 May 2007,"$1,004,057",N/A,N/A,True,Kiki :entregas a domicilio,
Green Lantern,2011,PG-13,17 Jun 2011,114 min,"Action, Adventure, Sci-Fi",Martin Campbell,"Greg Berlanti, Michael Green, Marc Guggenheim","Ryan Reynolds, Blake Lively, Peter Sarsgaard","In a mysterious universe, the Green Lantern Corps, an elite defense force of peace and justice have existed for centuries. Reckless test pilot Hal Jordan acquires superhuman powers when he is chosen by the Ring, the willpower-fed source of power. Reluctantly at first, he takes on the challenge after the death of Abin Sur, the finest Green Lantern. Putting his self-doubts aside, and spurred on by his sense of duty and love for his beautiful, intellectually equal, colleague, Carol Ferris, he is soon called to defend mankind from Parallax, a powerful, evil being who feeds on fear. Hal Jordan is the universe's last chance, as many Green Lanterns have been killed and the Corps is weakened, and he might just be the right Green Lantern for the duty of keeping the world safe from harm.",English,United States,3 wins & 6 nominations total,https://m.media-amazon.com/images/M/MV5BOWVjZWJmZjEtMjgzZC00N2ZkLTk3Y2ItM2FkOGY3MjhlNzBmXkEyXkFqcGc@._V1_SX300.jpg,"[{'Source': 'Internet Movie Database', 'Value': '5.5/10'}, {'Source': 'Rotten Tomatoes', 'Value': '26%'}, {'Source': 'Metacritic', 'Value': '39/100'}]",39,5.5,"307,536",tt1133985,movie,15 Nov 2013,"$116,601,172",De Line Pictures,N/A,True,Linterna verde,
My Neighbor Totoro,1988,G,13 Jul 1990,86 min,"Animation, Adventure, Comedy",Hayao Miyazaki,Hayao Miyazaki,"Hitoshi Takagi, Noriko Hidaka, Chika Sakamoto","Two young girls, 10-year-old Satsuki and her 4-year-old sister Mei, move into a house in the country with their father to be closer to their hospitalized mother. Satsuki and Mei discover that the nearby forest is inhabited by magical creatures called Totoros (pronounced toe-toe-ro). They soon befriend these Totoros, and have several magical adventures.",Japanese,Japan,5 wins & 2 nominations total,https://m.media-amazon.com/images/M/MV5BYWM3MDE3YjEtMzIzZC00ODE5LTgxNTItNmUyMTBkM2M2NmNiXkEyXkFqcGc@._V1_SX300.jpg,"[{'Source': 'Internet Movie Database', 'Value': '8.1/10'}, {'Source': 'Rotten Tomatoes', 'Value': '94%'}, {'Source': 'Metacritic', 'Value': '87/100'}]",87,8.1,"425,325",tt0096283,movie,N/A,"$2,250,213",N/A,N/A,True,Mi vecino Totoro,
Necessary Evil: Super-Villains of DC Comics,2013,TV-14,01 Jul 2020,99 min,Documentary,"Scott Devine, J.M. Kenny","Scott Devine, Jack Mulligan","Christopher Lee, Zack Snyder, Marv Wolfman","In this new documentary film, the malevolent, sometimes charismatic figures from DC Comics' hallowed rogues' gallery will be explored in depth, featuring interviews with the famed creators, storytellers and those who have crafted the personalities and profiles of many of the most notorious villains in comic book history.",English,United States,N/A,https://m.media-amazon.com/images/M/MV5BNWY2OGZlZTUtNGIwYS00N2EyLTgyY2QtY2U5YzJkNjY3OTVjXkEyXkFqcGc@._V1_SX300.jpg,"[{'Source': 'Internet Movie Database', 'Value': '6.7/10'}]",N/A,6.7,"1,351",tt3033478,movie,N/A,N/A,N/A,N/A,True,ecessary evil,
Wolf Children,2012,PG,21 Jul 2012,117 min,"Animation, Drama, Family",Mamoru Hosoda,"Mamoru Hosoda, Satoko Okudera","Aoi Miyazaki, Takao Osawa, Haru Kuroki","After her werewolf lover unexpectedly dies in an accident while hunting for food for their children, a young woman must find ways to raise the werewolf son and daughter that she had with him while keeping their trait hidden from society.",Japanese,Japan,19 wins & 6 nominations total,https://m.media-amazon.com/images/M/MV5BMDc4MTk0ZTEtMWNiMC00MTM3LWFmOTQtMDAwMjQ2MjhiNTcxXkEyXkFqcGc@._V1_SX300.jpg,"[{'Source': 'Internet Movie Database', 'Value': '8.1/10'}, {'Source': 'Rotten Tomatoes', 'Value': '95%'}, {'Source': 'Metacritic', 'Value': '76/100'}]",76,8.1,"54,215",tt2140203,movie,N/A,"$258,252",N/A,N/A,True,"""iños lobo , Los""",
Son of Batman,2014,PG-13,22 Apr 2014,74 min,"Animation, Action, Adventure",Ethan Spaulding,"Bob Kane, Grant Morrison, Andy Kubert","Jason O'Mara, Stuart Allan, Thomas Gibson","Batman learns he has a violent, unruly pre-teen son, secretly raised by the terrorist group the League of Assassins.",English,United States,1 win & 1 nomination total,https://m.media-amazon.com/images/M/MV5BZTVhZGUxMmEtNDdlMi00MTA5LTgxNjctNGJmNDBmYTQ5YTIyXkEyXkFqcGc@._V1_SX300.jpg,"[{'Source': 'Internet Movie Database', 'Value': '6.7/10'}, {'Source': 'Rotten Tomatoes', 'Value': '64%'}]",N/A,6.7,"32,998",tt3139072,movie,N/A,N/A,N/A,N/A,True,"""hijo de Batman, El""",
Only Yesterday,1991,PG,26 Feb 2016,119 min,"Animation, Drama, Romance",Isao Takahata,"Hotaru Okamoto, Yuuko Tone, Isao Takahata","Miki Imai, Toshirô Yanagiba, Yoko Honna",A twenty-seven-year-old office worker travels to the countryside while reminiscing about her childhood in Tokyo.,"Japanese, Bulgarian","Japan, United States",1 win & 8 nominations total,https://m.media-amazon.com/images/M/MV5BMTY5NjI2MjQxMl5BMl5BanBnXkFtZTgwMDA2MzM2NzE@._V1_SX300.jpg,"[{'Source': 'Internet Movie Database', 'Value': '7.6/10'}, {'Source': 'Rotten Tomatoes', 'Value': '100%'}, {'Source': 'Metacritic', 'Value': '90/100'}]",90,7.6,"41,804",tt0102587,movie,N/A,"$453,243",N/A,N/A,True,Recuerdos del ayer,
Resident Evil: Damnation,2012,R,27 Oct 2012,100 min,"Animation, Action, Horror",Makoto Kamiya,"Shotaro Suga, Hideki Kamiya, Noboru Sugimura","Matthew Mercer, Dave Wittenberg, Wendee Lee","United States Special Agent Leon S. Kennedy sneaks into a small Eastern European country to verify rumors that Bio Organic Weapons (B.O.W.s) are being used in war. Right after his infiltration, the U.S. government orders him to leave immediately. Determined to uncover the truth, Leon ignores the order and enters the battlefield to end the chain of tragedies caused by the B.O.W.s.",English,Japan,N/A,https://m.media-amazon.com/images/M/MV5BMWNjOTQzY2ItNzE0My00MGFlLWFkOGEtOTRhMDAwMDlhMmFlXkEyXkFqcGc@._V1_SX300.jpg,"[{'Source': 'Internet Movie Database', 'Value': '6.4/10'}, {'Source': 'Rotten Tomatoes', 'Value': '100%'}]",N/A,6.4,"23,537",tt1753496,movie,N/A,N/A,N/A,N/A,True,Resident Evil :infierno,
The Wind Rises,2013,PG-13,21 Feb 2014,126 min,"Animation, Biography, Drama",Hayao Miyazaki,Hayao Miyazaki,"Hideaki Anno, Miori Takimoto, Hidetoshi Nishijima","Jiro dreams of flying and designing beautiful airplanes, inspired by the famous Italian aeronautical designer Caproni. Nearsighted from a young age and unable to be a pilot, Jiro joins a major Japanese engineering company in 1927 and becomes one of the world's most innovative and accomplished airplane designers. The film chronicles much of his life, depicting key historical events, including the Great Kanto Earthquake of 1923, the Great Depression, the tuberculosis epidemic and Japan's plunge into war. Jiro meets and falls in love with Nahoko, and grows and cherishes his friendship with his colleague Honjo.","Japanese, German, Italian, French",Japan,Nominated for 1 Oscar. 26 wins & 54 nominations total,https://m.media-amazon.com/images/M/MV5BMTU4NDg0MzkzNV5BMl5BanBnXkFtZTgwODA3Mzc1MDE@._V1_SX300.jpg,"[{'Source': 'Internet Movie Database', 'Value': '7.8/10'}, {'Source': 'Rotten Tomatoes', 'Value': '88%'}, {'Source': 'Metacritic', 'Value': '83/100'}]",83,7.8,"111,654",tt2013293,movie,N/A,"$5,209,580",N/A,N/A,True,Se levanta el viento,
Justice League: Crisis on Two Earths,2010,PG-13,23 Feb 2010,75 min,"Animation, Action, Fantasy, Sci-Fi","Sam Liu, Lauren Montgomery","Dwayne McDuffie, Jerry Siegel (character created by: Superman), Joe Shuster (character created by: Superman), Bob Kane (character created by: Batman), William Moulton Marston (character created by: Wonder Woman)","William Baldwin, Mark Harmon, Chris Noth, Gina Torres",A good version of Lex Luthor from a parallel Earth comes to the Justice League's dimension for help to fight their evil counterparts.,English,USA,N/A,https://m.media-amazon.com/images/M/MV5BMzg0ODZjNjUtNmVhZi00NTYxLWExNWMtMWI3MDFiMjhiNjc2L2ltYWdlL2ltYWdlXkEyXkFqcGdeQXVyNTAyODkwOQ@@._V1_SX300.jpg,"[{'Source': 'Internet Movie Database', 'Value': '7.3/10'}]",N/A,7.3,"25,087",tt1494772,movie,N/A,N/A,N/A,N/A,True,La liga de la justicia :crisis en dos...,
You're Missing the Point,1940,Not Rated,N/A,112 min,Comedy,Juan Bustillo Oro,"Juan Bustillo Oro, Humberto Gómez Landero","Cantinflas, Joaquín Pardavé, Sara García","The boyfriend (Cantinflas) of the servant of a rich industrial man, gets into the house in order to kill a mad dog. Suddenly this man appears so the servant tells him that Cantinflas is his wife's brother (Leonardo), who had been lost for years. The rich man then remembers that his father in law's testament could only be paid when all brothers get together, so treats Cantinflas, a real bum, as a king.",Spanish,Mexico,N/A,https://m.media-amazon.com/images/M/MV5BNGQ1NmFlOWQtZmMxZC00ZDM2LTgyMjctZDM3NjljYzU2YWVlXkEyXkFqcGc@._V1_SX300.jpg,"[{'Source': 'Internet Movie Database', 'Value': '7.9/10'}]",N/A,7.9,"1,579",tt0032186,movie,N/A,N/A,N/A,N/A,True,Ahí esta el detalle,
Spirited Away,2001,PG,28 Mar 2003,124 min,"Animation, Adventure, Family",Hayao Miyazaki,Hayao Miyazaki,"Miyu Irino, Rumi Hiiragi, Mari Natsuki","Chihiro and her parents are moving to a small Japanese town in the countryside, much to Chihiro's dismay. On the way to their new home, Chihiro's father makes a wrong turn and drives down a lonely one-lane road which dead-ends in front of a tunnel. Her parents decide to stop the car and explore the area. They go through the tunnel and find an abandoned amusement park on the other side, with its own little town. When her parents see a restaurant with great-smelling food but no staff, they decide to eat and pay later. However, Chihiro refuses to eat and decides to explore the theme park a bit more. She meets a boy named Haku who tells her that Chihiro and her parents are in danger, and they must leave immediately. She runs to the restaurant and finds that her parents have turned into pigs. In addition, the theme park turns out to be a town inhabited by demons, spirits, and evil gods. At the center of the town is a bathhouse where these creatures go to relax. The owner of the bathhouse is the evil witch Yubaba, who is intent on keeping all trespassers as captive workers, including Chihiro. Chihiro must rely on Haku to save her parents in hopes of returning to their world.","Japanese, English","Japan, United States",Won 1 Oscar. 58 wins & 31 nominations total,https://m.media-amazon.com/images/M/MV5BNTEyNmEwOWUtYzkyOC00ZTQ4LTllZmUtMjk0Y2YwOGUzYjRiXkEyXkFqcGc@._V1_SX300.jpg,"[{'Source': 'Internet Movie Database', 'Value': '8.6/10'}, {'Source': 'Rotten Tomatoes', 'Value': '96%'}, {'Source': 'Metacritic', 'Value': '96/100'}]",96,8.6,"954,145",tt0245429,movie,N/A,"$14,821,254",N/A,N/A,True,El viaje de Chihiro,
Whisper of the Heart,1995,G,13 Dec 1996,111 min,"Animation, Drama, Family",Yoshifumi Kondô,"Aoi Hiiragi, Hayao Miyazaki","Yoko Honna, Issei Takahashi, Takashi Tachibana","A young Japanese middle school girl finds that all the books she chooses in the library have been previously checked out by the same boy. Later she meets a very infuriating fellow... could it be her ""friend"" from the library? The boy's grandfather has a violin sales and service shop. The boy wants to be a violin maker like his grandfather.",Japanese,Japan,N/A,https://m.media-amazon.com/images/M/MV5BZWVlOGNlYjgtYWE4Yi00MjdiLWE1MTEtZTRmNzI1ODk5NzMzXkEyXkFqcGc@._V1_SX300.jpg,"[{'Source': 'Internet Movie Database', 'Value': '7.8/10'}, {'Source': 'Rotten Tomatoes', 'Value': '95%'}, {'Source': 'Metacritic', 'Value': '75/100'}]",75,7.8,"82,190",tt0113824,movie,N/A,"$498,156",N/A,N/A,True,Susurros del corazón,
Herod's Law,1999,R,18 Feb 2000,123 min,"Comedy, Crime, Drama",Luis Estrada,"Luis Estrada, Vicente Leñero, Fernando Javier León Rodríguez","Damián Alcázar, Pedro Armendáriz Jr., Delia Casanova","After the corrupt former Mayor is killed by the peasants, poor janitor Juan Vargas is appointed new Mayor of a desert town in central Mexico. Although he tries to bring the motto of the ruling party to town (modernity, peace and progress) he realizes soon that there's nothing to do against corruption... except to become corrupt. Step by step, helped by his pistol, Juan Vargas becomes the law and the worst Major in the town's history.","Spanish, English, Nahuatl",Mexico,21 wins & 8 nominations,https://m.media-amazon.com/images/M/MV5BMWM0NmM0MGQtZTk4NC00N2VmLWJiNmUtMDJjYzMwZmMzMDQxXkEyXkFqcGc@._V1_SX300.jpg,"[{'Source': 'Internet Movie Database', 'Value': '7.8/10'}, {'Source': 'Rotten Tomatoes', 'Value': '68%'}, {'Source': 'Metacritic', 'Value': '64/100'}]",64,7.8,"7,295",tt0221344,movie,N/A,"$52,000",N/A,N/A,True,"""ley de Herodes , La""",
Mexico: The Frozen Revolution,1971,N/A,10 May 1973,65 min,Documentary,Raymundo Gleyzer,Raymundo Gleyzer,"Luis Echeverria, Paul Leduc","A thorough analysis of the social- politics of Mexico, within the historical context of the Mexican Revolution reality. Includes footage of the 1910s, interviews with farmers, politicians, intellectuals, middle class, trade and unionists.",Spanish,"Argentina, United States",1 win,https://m.media-amazon.com/images/M/MV5BYzIzMzJlMDAtMzI1Ni00NTI4LTk5NGQtNDNmZmY1NmYzOGUwXkEyXkFqcGdeQXVyMjQ0NzgwNzY@._V1_SX300.jpg,"[{'Source': 'Internet Movie Database', 'Value': '8.0/10'}]",N/A,8.0,78,tt0128344,movie,N/A,N/A,N/A,N/A,True,"""México, la revolución congelada""",
The Realm of Fortune,1986,N/A,28 Nov 1986,130 min,Drama,Arturo Ripstein,"Juan Rulfo, Paz Alicia Garciadiego","Ernesto Gómez Cruz, Blanca Guerra, Alejandro Parodi","A very poor and handicaped man, lives in a small town in Mexico with his mother. He works announcing things along the town (""The priest lost his cow, if someone sees it ...""). He is very interested in the cock fightigs. One day a man gives him a looser cock, thinking to give him something to eat, but instead he takes care of the animal and it becomes a winner cock. He begins to win some money. La Caponera, a very good looking singer, erlier avoided him but now she uses her coquetry to gain some drinks. He thinks she is his talisman so she marries her when he becomes rich, taking her apart from the show-bizz, so she begins to feel very unhappy.",Spanish,Mexico,13 wins & 2 nominations,https://m.media-amazon.com/images/M/MV5BMmEwNzgxM2EtNmFjYS00NjEwLWI3MGItNDkzM2EzNTRmN2JiXkEyXkFqcGdeQXVyMTIwMDE2OTU4._V1_SX300.jpg,"[{'Source': 'Internet Movie Database', 'Value': '7.3/10'}]",N/A,7.3,480,tt0091261,movie,N/A,N/A,N/A,N/A,True,"""imperio de la fortuna, La""",
Grave of the Fireflies,1988,Not Rated,26 Jul 1989,88 min,"Animation, Drama, War",Isao Takahata,"Akiyuki Nosaka, Isao Takahata","Tsutomu Tatsumi, Ayano Shiraishi, Akemi Yamaguchi","The story of Seita and Setsuko, two young Japanese siblings, living in the declining days of World War II. When an American firebombing separates the two children from their parents, the two siblings must rely completely on one another while they struggle to fight for their survival.",Japanese,Japan,3 wins total,https://m.media-amazon.com/images/M/MV5BNTY5MmE2OGMtN2IxNC00MDY4LTkwMGEtZDUzOTYyNWE0ZTNjXkEyXkFqcGc@._V1_SX300.jpg,"[{'Source': 'Internet Movie Database', 'Value': '8.5/10'}, {'Source': 'Rotten Tomatoes', 'Value': '100%'}, {'Source': 'Metacritic', 'Value': '94/100'}]",94,8.5,"378,550",tt0095327,movie,N/A,"$516,962",N/A,N/A,True,La tumba de las luciérnagas,
Fantastic Beasts and Where to Find Them,2016,PG-13,18 Nov 2016,132 min,"Adventure, Family, Fantasy",David Yates,J.K. Rowling,"Eddie Redmayne, Katherine Waterston, Alison Sudol","In mid-1920s New York, Newt Scamander, a British young activist wizard, arrives in the city, holding a mysterious leather suitcase that shelters diverse and magical creatures that exist among us. Amid an already fragile equilibrium of secrecy, and the increasing disasters ascribed to the dark wizard, Gellert Grindelwald, Newt's precious suitcase goes missing, and to make matters worse, several creatures manage to escape. Before long, this unforeseen complication catches Senior Auror Percival Graves' attention who targets Newt, against the backdrop of an invisible, devastating, and utterly unpredictable menace that still wreaks havoc on 5th Avenue. In the end, is there a hidden agenda behind Graves' intentions? Moreover, what will happen to the remaining fantastic beasts that are still on the loose?","English, Central Khmer","United Kingdom, United States",Won 1 Oscar. 15 wins & 54 nominations total,https://m.media-amazon.com/images/M/MV5BMjMxOTM1OTI4MV5BMl5BanBnXkFtZTgwODE5OTYxMDI@._V1_SX300.jpg,"[{'Source': 'Internet Movie Database', 'Value': '7.2/10'}, {'Source': 'Rotten Tomatoes', 'Value': '74%'}, {'Source': 'Metacritic', 'Value': '66/100'}]",66,7.2,"537,711",tt3183660,movie,N/A,"$234,037,575",N/A,N/A,True,Animales fantásticos,
Inside Out,2015,PG,19 Jun 2015,95 min,"Animation, Adventure, Comedy","Pete Docter, Ronnie Del Carmen","Pete Docter, Ronnie Del Carmen, Meg LeFauve","Amy Poehler, Bill Hader, Lewis Black","Growing up can be a bumpy road, and it's no exception for Riley, who is uprooted from her Midwest life when her father starts a new job in San Francisco. Like all of us, Riley is guided by her emotions - Joy, Fear, Anger, Disgust and Sadness. The emotions live in Headquarters, the control center inside Riley's mind, where they help advise her through everyday life. As Riley and her emotions struggle to adjust to a new life in San Francisco, turmoil ensues in Headquarters. Although Joy, Riley's main and most important emotion, tries to keep things positive, the emotions conflict on how best to navigate a new city, house and school.","English, Portuguese, Latvian",United States,Won 1 Oscar. 99 wins & 118 nominations total,https://m.media-amazon.com/images/M/MV5BOTgxMDQwMDk0OF5BMl5BanBnXkFtZTgwNjU5OTg2NDE@._V1_SX300.jpg,"[{'Source': 'Internet Movie Database', 'Value': '8.1/10'}, {'Source': 'Rotten Tomatoes', 'Value': '98%'}, {'Source': 'Metacritic', 'Value': '94/100'}]",94,8.1,"905,131",tt2096673,movie,N/A,"$356,461,711",N/A,N/A,True,Intensa mente,
The Edukators,2004,R,25 Nov 2004,127 min,"Drama, Romance",Hans Weingartner,"Katharina Held, Hans Weingartner","Daniel Brühl, Julia Jentsch, Stipe Erceg","Berlin student Jule is hopelessly indebted from an accident she caused, uninsuredly hitting a rich businessman's limousine. Evicted from her flat, she moves in with her boyfriend Peter and soon finds out that he and his flatmate Jan spend their nights breaking into luxurious mansions. Instead of stealing or vandalizing, though, they are carefully and ornately rearranging furniture and valuables and leaving obscure messages. Jule convinces Jan, who has a crush on her, to pay a visit to her creditor's villa.","German, English","Germany, Austria",11 wins & 6 nominations total,https://m.media-amazon.com/images/M/MV5BY2Q2NDMzMjAtMTc4My00NTY4LTgxNDktYmVkNWY0ZTRjYTc5XkEyXkFqcGc@._V1_SX300.jpg,"[{'Source': 'Internet Movie Database', 'Value': '7.4/10'}, {'Source': 'Rotten Tomatoes', 'Value': '70%'}, {'Source': 'Metacritic', 'Value': '68/100'}]",68,7.4,"32,621",tt0408777,movie,N/A,"$175,493",N/A,N/A,True,"""edukadores, Los""",
A Thousand Clouds of Peace,2003,Not Rated,02 Apr 2004,83 min,"Drama, Romance",Julián Hernández,Julián Hernández,"Juan Carlos Ortuño, Juan Carlos Torres, Salvador Alvarez","Gerardo, a 17-year old guy has just finished his relationship with Bruno and starts wandering hopeless through the streets of the city. In his wandering he's tortured by images: each masculine body he sees reminds him of his lover. Gerardo is determined to keep what's left of his dying love. The only comfort he has is a letter that Bruno left him with his boss.","Spanish, English",Mexico,5 wins & 6 nominations,https://m.media-amazon.com/images/M/MV5BNWJhYWY2MTgtM2NjMi00OWY3LWE0ZmUtNjQxODU3ODNhZDM3XkEyXkFqcGdeQXVyMTU3NDU4MDg2._V1_SX300.jpg,"[{'Source': 'Internet Movie Database', 'Value': '5.5/10'}, {'Source': 'Rotten Tomatoes', 'Value': '28%'}, {'Source': 'Metacritic', 'Value': '35/100'}]",35,5.5,521,tt0358590,movie,N/A,"$48,782",N/A,N/A,True,Mil nubes de paz cercan el cielo,
The Fault in Our Stars,2014,PG-13,06 Jun 2014,126 min,"Drama, Romance",Josh Boone,"Scott Neustadter, Michael H. Weber, John Green","Shailene Woodley, Ansel Elgort, Nat Wolff","Hazel and Augustus are two teenagers who share an acerbic wit, a disdain for the conventional, and a love that sweeps them on a journey. Their relationship is all the more miraculous, given that Hazel's other constant companion is an oxygen tank, Gus jokes about his prosthetic leg, and they meet and fall in love at a cancer support group.",English,United States,23 wins & 18 nominations total,https://m.media-amazon.com/images/M/MV5BYTA4ODg5YWUtYmZiYy00Y2M4LWE0NjEtODE5MzhkYmJmZGEwXkEyXkFqcGc@._V1_SX300.jpg,"[{'Source': 'Internet Movie Database', 'Value': '7.6/10'}, {'Source': 'Rotten Tomatoes', 'Value': '81%'}, {'Source': 'Metacritic', 'Value': '69/100'}]",69,7.6,"422,816",tt2582846,movie,N/A,"$124,872,350",N/A,N/A,True,Bajo la misma estrella,
Paper Towns,2015,PG-13,24 Jul 2015,109 min,"Adventure, Comedy, Drama",Jake Schreier,"Scott Neustadter, Michael H. Weber, John Green","Nat Wolff, Cara Delevingne, Austin Abrams","Adapted from the bestselling novel by author John Green, PAPER TOWNS is a coming-of-age story centering on Quentin and his enigmatic neighbor Margo, who loved mysteries so much she became one. After taking him on an all-night adventure through their hometown, Margo suddenly disappears - leaving behind cryptic clues for Quentin to decipher. The search leads Quentin and his quick-witted friends on an exhilarating adventure that is equal parts hilarious and moving. Ultimately, to track down Margo, Quentin must find a deeper understanding of true friendship - and true love.",English,United States,4 wins & 3 nominations total,https://m.media-amazon.com/images/M/MV5BMjE2ODQxODMwOF5BMl5BanBnXkFtZTgwNDY5NjY3NDE@._V1_SX300.jpg,"[{'Source': 'Internet Movie Database', 'Value': '6.2/10'}, {'Source': 'Rotten Tomatoes', 'Value': '58%'}, {'Source': 'Metacritic', 'Value': '56/100'}]",56,6.2,"110,882",tt3622592,movie,N/A,"$32,000,304",N/A,N/A,True,Ciudades de papel,
"Batman: The Dark Knight Returns, Part 1",2012,PG-13,25 Sep 2012,76 min,"Animation, Action, Crime, Drama, Thriller",Jay Oliva,"Bob Kane (character created by: Batman), Frank Miller (comic book), Klaus Janson (comic book), Bob Goodman","Peter Weller, Ariel Winter, David Selby, Wade Williams","Batman has not been seen for ten years. A new breed of criminal ravages Gotham City, forcing 55-year-old Bruce Wayne back into the cape and cowl. But, does he still have what it takes to fight crime in a new era?",English,USA,5 nominations.,https://m.media-amazon.com/images/M/MV5BMzIxMDkxNDM2M15BMl5BanBnXkFtZTcwMDA5ODY1OQ@@._V1_SX300.jpg,"[{'Source': 'Internet Movie Database', 'Value': '8.0/10'}, {'Source': 'Rotten Tomatoes', 'Value': '100%'}]",N/A,8.0,"54,214",tt2313197,movie,N/A,N/A,N/A,N/A,True,Batman el caballero de la noche regresa,
LOL,2012,PG-13,01 Mar 2012,97 min,"Comedy, Drama, Romance",Lisa Azuelos,"Lisa Azuelos, Kamir Aïnouz, Nans Delgado","Miley Cyrus, Douglas Booth, Ashley Greene","In a world connected by YouTube, iTunes, and Facebook, Lola and her friends navigate the peer pressures of high school romance and friendship while dodging their sometimes overbearing and confused parents. When Lola's mom, Anne, ""accidentally"" reads her teenage daughter's racy journal, she realizes just how wide their communication gap has grown. Through hilarious and heartfelt moments between mother and daughter, LOL is a fresh coming-of-age story for modern times.","English, French, Ukrainian",United States,1 nomination total,https://m.media-amazon.com/images/M/MV5BMTA0MjI5ODA3MjReQTJeQWpwZ15BbWU3MDI1NTE3Njc@._V1_SX300.jpg,"[{'Source': 'Internet Movie Database', 'Value': '4.4/10'}, {'Source': 'Rotten Tomatoes', 'Value': '14%'}]",N/A,4.4,"59,787",tt1592873,movie,N/A,N/A,N/A,N/A,True,LOL (Loughing out loud) [,
