Title,Year,Rated,Released,Runtime,Genre,Director,Writer,Actors,Plot,Language,Country,Awards,Poster,Ratings,Metascore,imdbRating,imdbVotes,imdbID,Type,DVD,BoxOffice,Production,Website,Response,SourcePDF,totalSeasons
Sherlock Holmes and the Secret Weapon,1942,Approved,12 Feb 1943,68 min,"Adventure, Crime, Drama",Roy William Neill,"Edward T. Lowe Jr., Scott Darling, Edmund L. Hartmann","Basil Rathbone, Nigel Bruce, Lionel Atwill","Sherlock Holmes helps a scientist escape the clutches of the Gestapo in Switzerland and gets him to England. The man has invented a revolutionary new bombsight that will significantly aid Britain's war effort. Now that he's in England he should be safe, right?","English, French, Indonesian",United States,N/A,https://m.media-amazon.com/images/M/MV5BYTM1ZWFkYzYtOGRlNy00NGE2LWFmZGUtZDYyMDE1ZTNiYjVhXkEyXkFqcGc@._V1_SX300.jpg,"[{'Source': 'Internet Movie Database', 'Value': '6.5/10'}]",N/A,6.5,"7,187",tt0035317,movie,N/A,N/A,N/A,N/A,True,PRESTAMO EN SALA 2026.pdf,
El eco del miedo,2012,R,15 Aug 2013,77 min,"Horror, Mystery, Thriller",Sam Reyes,Mario A. Pérez González,"Roberto Quijano, Sarah Nichols, Andrea Baeza","A young woman in the middle of an economical crisis, a little girl who is facing a new environment and a loyal dog that will work as a link between both, will have to spend two nights in an old big house that is falling into pieces. Sounds at night and shadows accompanied with threatening echoes emerging from darkness are constant in the house. Will they be able to undergo the situation and solve the enigma that surrounds the presence that still rounds the house?",Spanish,Mexico,1 nomination,https://m.media-amazon.com/images/M/MV5BODgzOTA4MDI2Nl5BMl5BanBnXkFtZTcwNjY5NDMzOA@@._V1_SX300.jpg,"[{'Source': 'Internet Movie Database', 'Value': '5.6/10'}]",N/A,5.6,66,tt2308659,movie,N/A,N/A,N/A,N/A,True,PRESTAMO EN SALA 2026.pdf,
Con licencia para matar,1969,N/A,28 Aug 1969,86 min,"Action, Adventure, Sci-Fi",Rafael Baledón,Alfredo Ruanova,"Fernando Casanova, Emily Cranz, Maura Monti","Four martial-artsy crime-fighting gals and their comic sidekick, under the leadership of a middle-aged guy in a business suit, defeat evil criminals.",Spanish,Mexico,N/A,https://m.media-amazon.com/images/M/MV5BNDBhNzFmNjAtYTUxZC00NzY4LWIxMjAtZDRjOGZhMjk2YmIzXkEyXkFqcGdeQXVyMzQyMTgyMzg@._V1_SX300.jpg,"[{'Source': 'Internet Movie Database', 'Value': '5.7/10'}]",N/A,5.7,30,tt0250308,movie,N/A,N/A,N/A,N/A,True,PRESTAMO EN SALA 2026.pdf,
Doctor Foster,2013,N/A,03 Feb 2013,N/A,"Animation, Short, Comedy",Tom Hunt,Tom Hunt,Lennon Bell,An embittered Doctor travels to South West England and his simple day trip becomes an emotional roller coaster ride that will shape him and his world view for the rest of his life.,English,United Kingdom,N/A,N/A,[],N/A,N/A,N/A,tt5111840,movie,N/A,N/A,N/A,N/A,True,PRESTAMO EN SALA 2026.pdf,
Estado de Gracia,2009–,N/A,01 Aug 2012,N/A,Drama,N/A,N/A,"Alejandro Belmonte, Keyla Wood, Veronica Falcón",N/A,Spanish,Mexico,N/A,https://m.media-amazon.com/images/M/MV5BYTNhYWUzNTAtZmFjOS00MzE0LTk3NjAtODExOTdiODY4N2VlXkEyXkFqcGc@._V1_SX300.jpg,[],N/A,N/A,9,tt2323614,series,,,,,True,PRESTAMO EN SALA 2026.pdf,N/A
El encanto del águila,2011–,N/A,15 Nov 2011,N/A,Biography,N/A,N/A,"Carlos Corona, Emilio Echevarría, Enoc Leaño",El encanto del águila is a Mexican television series based on the history of Mexico that shows in 13 chapters the events that marked the Mexican revolution.,Spanish,Mexico,1 win,https://m.media-amazon.com/images/M/MV5BNDI4OTFmZDQtMDFlZi00ZWI3LTllY2UtZDFhZjE5NGJhZTJmXkEyXkFqcGc@._V1_SX300.jpg,"[{'Source': 'Internet Movie Database', 'Value': '8.3/10'}]",N/A,8.3,85,tt2121467,series,,,,,True,PRESTAMO EN SALA 2026.pdf,1
Fall of Eagles,1974,N/A,15 Mar 1974,50 min,"Drama, History, War",N/A,John Elliot,"Michael Hordern, Charles Kay, Barry Foster","The collapse of three great European dynasties: the Romanovs, the Habsburgs, and the Hohenzollerns.",English,United Kingdom,N/A,https://m.media-amazon.com/images/M/MV5BMTk2NDcyOTI5Nl5BMl5BanBnXkFtZTcwMjg3MDA0MQ@@._V1_SX300.jpg,"[{'Source': 'Internet Movie Database', 'Value': '8.1/10'}]",N/A,8.1,699,tt0207885,series,,,,,True,PRESTAMO EN SALA 2026.pdf,1
The Lady and the Reaper (La dama y la muerte),2009,TV-G,19 Feb 2010,8 min,"Animation, Short, Action",Javier Recio Gracia,Javier Recio Gracia,"Miguel Angel Perez, Eva Molina","A sweet old lady is living alone in her farm, waiting for the arrival of death to meet her beloved husband again. One night, while sleeping, her life fades out and she is invited to cross death's door. Bue when she is about to do so, the old lady wakes up inside a hospital's ward: and arrogant doctor has taken her back to life and he will fight hard against death to recover the old lady's life at any cost.",English,Spain,Nominated for 1 Oscar. 3 wins & 1 nomination total,https://m.media-amazon.com/images/M/MV5BYWI1NTEyNzQtYTM1Ny00OTMwLTgyZWMtNDYxZmVmMzZhY2ZlXkEyXkFqcGdeQXVyNDE5MTU2MDE@._V1_SX300.jpg,"[{'Source': 'Internet Movie Database', 'Value': '7.2/10'}]",N/A,7.2,"2,710",tt1523317,movie,N/A,N/A,N/A,N/A,True,PRESTAMO EN SALA 2026.pdf,
Feijoada Completa,2012,N/A,07 Aug 2012,20 min,Short,Angelo Defanti,"Vanessa Barbara, Chico Buarque, Angelo Defanti","Sonia Braga, Augusto Madeira, Paulo Miklos","This film is an adaptation of the short story ""Feijoada Completa"" by Luis Fernando Verissimo, in turn inspired by the homonymous Chico Buarque' song.",Portuguese,Brazil,2 nominations,https://m.media-amazon.com/images/M/MV5BOTQ0NzkxMmEtOTRmMS00YWVmLTgzNzItN2ZhMmM0MTM1YjFkXkEyXkFqcGdeQXVyMDk2OTQ1Ng@@._V1_SX300.jpg,"[{'Source': 'Internet Movie Database', 'Value': '5.7/10'}]",N/A,5.7,28,tt2333330,movie,N/A,N/A,N/A,N/A,True,PRESTAMO EN SALA 2026.pdf,
The Hunger Games: Catching Fire,2013,PG-13,22 Nov 2013,146 min,"Action, Adventure, Sci-Fi",Francis Lawrence,"Simon Beaufoy, Michael Arndt, Suzanne Collins","Jennifer Lawrence, Josh Hutcherson, Liam Hemsworth","Twelve months after winning the 74th Hunger Games, Katniss Everdeen and her partner Peeta Mellark must go on what is known as the Victor's Tour, wherein they visit all the districts, but before leaving, Katniss is visited by President Snow who fears that Katniss defied him a year ago during the games when she chose to die with Peeta. With both Katniss and Peeta declared the winners, it is fueling a possible uprising. He tells Katniss that while on tour she better try to make sure that she puts out the flames or else everyone she cares about will be in danger.",English,United States,22 wins & 68 nominations total,https://m.media-amazon.com/images/M/MV5BMTAyMjQ3OTAxMzNeQTJeQWpwZ15BbWU4MDU0NzA1MzAx._V1_SX300.jpg,"[{'Source': 'Internet Movie Database', 'Value': '7.5/10'}, {'Source': 'Rotten Tomatoes', 'Value': '90%'}, {'Source': 'Metacritic', 'Value': '76/100'}]",76,7.5,"768,630",tt1951264,movie,N/A,"$424,668,047",N/A,N/A,True,PRESTAMO EN SALA 2026.pdf,
Jurassic Park 3 (2001),2001,N/A,25 Mar 2020,N/A,N/A,N/A,N/A,N/A,N/A,N/A,N/A,N/A,N/A,[],N/A,N/A,N/A,tt25211432,movie,N/A,N/A,N/A,N/A,True,PRESTAMO EN SALA 2026.pdf,
Spielberg,2017,TV-MA,07 Oct 2017,147 min,"Documentary, Biography",Susan Lacy,N/A,"Steven Spielberg, Martin Scorsese, Richard Dreyfuss","A documentary on Steven Spielberg, filmmaker. Includes interviews with relatives, film critics, peers and people who have worked with him.",English,United States,Nominated for 1 Primetime Emmy. 3 nominations total,https://m.media-amazon.com/images/M/MV5BMTg2OGMyODgtMjNkZS00MWMxLWE5YWItNmEwNmJiZjk0M2RhXkEyXkFqcGc@._V1_SX300.jpg,"[{'Source': 'Internet Movie Database', 'Value': '7.7/10'}, {'Source': 'Rotten Tomatoes', 'Value': '91%'}]",N/A,7.7,"8,507",tt7133092,movie,N/A,N/A,N/A,N/A,True,PRESTAMO EN SALA 2026.pdf,
Escarlata,1969,N/A,N/A,N/A,N/A,Fely Crisostomo,N/A,"Amalia Fuentes, Zaldy Zshornack, Max Alvarado, Bella Flores",N/A,"Tagalog, Filipino",Philippines,N/A,N/A,[],N/A,N/A,N/A,tt2246679,movie,N/A,N/A,N/A,N/A,True,PRESTAMO EN SALA 2026.pdf,
Proxy,2013,Not Rated,18 Apr 2014,122 min,"Horror, Thriller",Zack Parker,"Kevin Donner, Zack Parker","Alexa Havins, Joe Swanberg, Kristina Klebe","While walking home from her latest OB appointment, a very pregnant Esther Woodhouse is brutally attacked and disfigured by a hooded assailant. This horrible event seems to be a blessing in disguise when Esther finds consolation in a support group. Her life of sadness and solitude is opened up to friendship, understanding, and even acceptance. However, friendship and understanding can be very dangerous things when accepted by the wrong people.",English,United States,2 nominations,https://m.media-amazon.com/images/M/MV5BYzBkNzA2ZDUtMzhmMy00YzY3LWEyYWMtYWNhZjcyZThkODRlXkEyXkFqcGc@._V1_SX300.jpg,"[{'Source': 'Internet Movie Database', 'Value': '5.7/10'}, {'Source': 'Rotten Tomatoes', 'Value': '64%'}, {'Source': 'Metacritic', 'Value': '57/100'}]",57,5.7,"4,432",tt2191888,movie,N/A,N/A,N/A,N/A,True,PRESTAMO EN SALA 2026.pdf,
Kill Bill,2023,N/A,27 Jan 2023,N/A,"Short, Horror",Brooke Elardo,Brooke Elardo,Brooke Elardo,N/A,N/A,United States,N/A,N/A,[],N/A,N/A,N/A,tt34956235,movie,N/A,N/A,N/A,N/A,True,PRESTAMO EN SALA 2026.pdf,
Treasure,2024,R,12 Sep 2024,111 min,"Comedy, Drama",Julia von Heinz,"Julia von Heinz, John Quester, Lily Brett","Lena Dunham, Stephen Fry, Zbigniew Zamachowski","An American journalist travels to Poland with her Holocaust survivor father to visit the places of his childhood. However, he sabotages the trip by avoiding reliving his trauma.","English, Polish","Germany, France, Poland, Belgium, Hungary, United States",4 nominations total,https://m.media-amazon.com/images/M/MV5BYjMzODFhZGUtYmIxZi00M2M3LWJiNGMtN2JjYmU5NzdkOTA3XkEyXkFqcGc@._V1_SX300.jpg,"[{'Source': 'Internet Movie Database', 'Value': '6.3/10'}, {'Source': 'Rotten Tomatoes', 'Value': '41%'}, {'Source': 'Metacritic', 'Value': '44/100'}]",44,6.3,"2,133",tt9462944,movie,N/A,"$541,578",N/A,N/A,True,PRESTAMO EN SALA 2026.pdf,
Perdida,2018,TV-MA,09 Aug 2018,103 min,"Crime, Drama, Mystery",Alejandro Montiel,"Florencia Etcheves, Jorge Maestro, Alejandro Montiel","Luisana Lopilato, Amaia Salamanca, Rafael Spregelburd","It is based on the novel by Florencia Etcheves ""Cornelia"", in which a teacher from a prestigious school in Buenos Aires makes a study trip with five of her students, but only returns with four because one of them disappears mysteriously. It is Cornelia Villalba, who escapes with her companions to go dancing and gets lost in the middle of the Patagonian forests.",Spanish,"Argentina, Spain",N/A,https://m.media-amazon.com/images/M/MV5BODYyZmM0NGEtMmQ5ZC00MjBkLTkyMDktY2Y5MzBjODliMWNmXkEyXkFqcGc@._V1_SX300.jpg,"[{'Source': 'Internet Movie Database', 'Value': '5.7/10'}, {'Source': 'Rotten Tomatoes', 'Value': '20%'}]",N/A,5.7,"5,528",tt7841496,movie,N/A,N/A,N/A,N/A,True,PRESTAMO EN SALA 2026.pdf,
Los secretos,1999,N/A,N/A,40 min,Short,Fernando Guariniello,Fernando Guariniello,"Álvaro Espinoza, Carolina Fadic, Alejandro Goic",N/A,N/A,Chile,2 wins,N/A,[],N/A,N/A,N/A,tt0242864,movie,N/A,N/A,N/A,N/A,True,PRESTAMO EN SALA 2026.pdf,
Matrix,1993,N/A,01 Mar 1993,60 min,"Action, Drama, Fantasy",N/A,Grenville Case,"Nick Mancuso, Phillip Jarrett, Carrie-Anne Moss","Steven Matrix is one of the underworld's foremost hitmen until his luck runs out, and someone puts a contract out on him. Shot in the forehead by a .22 pistol, Matrix ""dies"" and finds himself in ""The City In Between"", where he is shown the faces of all the men and women he's murdered and a sea of fire. He's informed that he will be given a second chance. He must earn a reprieve from Hell by helping others. He then wakes up in the hospital, after an apparent ""near death"" experience. In each episode, Matrix meets a new ""guide"" from the world beyond, and is given a new assignment, much in the manner of an unwilling guardian angel. Usually his guides give him little or no useful information about the job to come, and his methods of handling the cases are sometimes as brutal as the rules of his old profession, but he gets the job done.",English,Canada,1 win total,https://m.media-amazon.com/images/M/MV5BM2JiZjU1NmQtNjg1Ni00NjA3LTk2MjMtNjYxMTgxODY0NjRhXkEyXkFqcGc@._V1_SX300.jpg,"[{'Source': 'Internet Movie Database', 'Value': '7.2/10'}]",N/A,7.2,234,tt0106062,series,,,,,True,PRESTAMO EN SALA 2026.pdf,N/A
Brideshead Revisited,2008,PG-13,15 Aug 2008,133 min,"Drama, Romance",Julian Jarrold,"Andrew Davies, Jeremy Brock, Evelyn Waugh","Matthew Goode, Patrick Malahide, Hayley Atwell","World War II. Charles Ryder (Matthew Goode), in his civilian life, rose out of his middle class London background, which includes being an atheist and having a distant relationship with his eccentric father, to become an up and coming artist. He is currently an Army officer, who is stationed at a makeshift camp set up at Brideshead estate before imminently getting shipped into battle. The locale, which is not unfamiliar to him, makes him reminisce about what ended up being his doomed relationship with Brideshead's owners, the Flytes, an ostentatiously wealthy family. Charles first met Sebastian Flyte (Ben Whishaw) when they both were students at Oxford, where Sebastian surprisingly welcomed Charles into his circle of equally wealthy, somewhat stuck-up, and flamboyant friends. Charles ended up getting caught up in Sebastian's family struggles, where Sebastian used excessive alcohol to deal with the pain resulting from his family relationships. Although Charles and Sebastian were more than just friends, Charles ultimately fell in love with Sebastian's sister, Julia Flyte (Hayley Atwell). But the biggest obstacle to Charles being intimately involved with anyone in the Flyte family was the family matriarch, Lady Marchmain (Dame Emma Thompson), a strict and devout Catholic who ruled the family with that adherence to a strict Catholic lifestyle. That was despite her and Lord Marchmain's (Sir Michael Gambon's) own marriage being in name only, as he lived in Venice with his mistress, Cara (Greta Scacchi).","English, Italian, Arabic, Latin, French","United Kingdom, Italy, Morocco, United States",11 nominations total,https://m.media-amazon.com/images/M/MV5BMTQ4MTU5MjAyN15BMl5BanBnXkFtZTcwOTcxMzE3MQ@@._V1_SX300.jpg,"[{'Source': 'Internet Movie Database', 'Value': '6.6/10'}, {'Source': 'Rotten Tomatoes', 'Value': '62%'}, {'Source': 'Metacritic', 'Value': '64/100'}]",64,6.6,"13,982",tt0412536,movie,N/A,"$6,432,256",N/A,N/A,True,PRESTAMO EN SALA 2026.pdf,
Mad Men,2007–2015,TV-MA,19 Jul 2007,47 min,Drama,N/A,Matthew Weiner,"Jon Hamm, Elisabeth Moss, Vincent Kartheiser","The professional and personal lives of those who work in advertising on Madison Avenue - self-coined ""mad men"" - in the 1960s are presented. The stories focus on those at one of the avenue's smaller firms, Sterling Cooper, and its various incarnations over the decade. At the heart of these stories is Donald Draper, the creative genius of the company. That professional creative brilliance belies the fact of a troubled childhood, one that he would rather forget and not let anyone know about except for a select few, but one that shaped who he is as an adult and as an ad man in the need not only to sell products but sell himself to the outside world. His outward confidence also masks many insecurities as evidenced through his many vices, such as excessive smoking, drinking and womanizing - the latter despite being a family man - and how he deals with the aftermath of some of the negative aspects of his life.",English,United States,Won 16 Primetime Emmys. 167 wins & 450 nominations total,https://m.media-amazon.com/images/M/MV5BYTNjNjc5OWQtYjMxNC00MzEwLWIxM2UtNjU3NzhkNjZmNGI3XkEyXkFqcGc@._V1_SX300.jpg,"[{'Source': 'Internet Movie Database', 'Value': '8.7/10'}]",N/A,8.7,"287,075",tt0804503,series,,,,,True,PRESTAMO EN SALA 2026.pdf,7
Vicio Capital Temporada 1,2021,N/A,27 Jul 2021,N/A,Action,Moisés Cardez,Moisés Cardez,"Moisés Cardez, Rosario Avani Durán","In a world full of crime, drugs, sex, and women, the biggest commotion in Mexico occurs when the governor's daughter is kidnapped by some street gangsters. A former police officer is reinstated by Mexican law to work on the case of the search for Karla Gonzalez, where he will encounter many obstacles and sacrifices full of lust, action, love, hate, and mystery to achieve his mission.",Spanish,Mexico,N/A,https://m.media-amazon.com/images/M/MV5BOWVkNzA3MzgtYmFjMC00NmZmLTg1YjctZTM1ZWZjOTBlZTkzXkEyXkFqcGc@._V1_SX300.jpg,[],N/A,N/A,N/A,tt16296406,movie,N/A,N/A,N/A,N/A,True,PRESTAMO EN SALA 2026.pdf,
Fogones Tradicionales Mexico Temporada 2 Cap. 2,2025,N/A,14 May 2025,N/A,Documentary,N/A,N/A,N/A,N/A,Spanish,Mexico,N/A,N/A,[],N/A,N/A,N/A,tt37053255,series,,,,,True,PRESTAMO EN SALA 2026.pdf,N/A
A mi madre le gustan las mujeres,2002,N/A,11 Jan 2002,96 min,"Comedy, Drama","Daniela Fejerman, Inés París","Daniela Fejerman, Inés París","Leonor Watling, Rosa Maria Sardà, María Pujalte","In Madrid, the divorced middle-age pianist Sofía discloses to her daughters Elvira, Gimena and Sol on the day of her birthday that she is in love with the talented Czech pianist Aliska, who is twenty-years younger than she. The bigoted sisters are shocked with the revelation and do not accept the idea that their mother is lesbian. Elvira is an insecure and neurotic young aspirant writer that has a lousy job in a publishing house; Sol is the singer of a rock band; and Gimena is married with a boy and has a troubled marriage with Raúl. When they discover that her mother has lent all her savings to support the education of Aliska, they decide to seduce the girlfriend to make her leave their mother. But when Aliska returns to her country alone and their mother is very depressed, they need to try to revert the situation. Meanwhile the nervous Elvira meets the writer Miguel and has a clumsy relationship with him.","Spanish, Czech",Spain,12 wins & 8 nominations,https://m.media-amazon.com/images/M/MV5BN2U0NWQwNjYtM2FiMS00ZWNmLWEyMTktZDVjZTVlYWFhMjg3XkEyXkFqcGc@._V1_SX300.jpg,"[{'Source': 'Internet Movie Database', 'Value': '6.2/10'}, {'Source': 'Rotten Tomatoes', 'Value': '45%'}, {'Source': 'Metacritic', 'Value': '51/100'}]",51,6.2,"1,674",tt0306432,movie,N/A,"$82,916",N/A,N/A,True,PRESTAMO EN SALA 2026.pdf,
Home Alone 2: Lost in New York,1992,PG,20 Nov 1992,120 min,"Adventure, Comedy, Crime",Chris Columbus,John Hughes,"Macaulay Culkin, Joe Pesci, Daniel Stern","Kevin McCallister (Macaulay Culkin) is back. But this time he's in New York City with enough cash and credit cards to turn the Big Apple into his own playground. But Kevin won't be alone for long. The notorious Wet Bandits, Harry (Joe Pesci) and Marv (Daniel Stern), still smarting from their last encounter with Kevin, are bound for New York City too, plotting a huge holiday heist. Kevin's ready to welcome them with more battery of booby traps the bumbling bandits will never forget.","English, French, Spanish, Latin",United States,3 wins & 3 nominations total,https://m.media-amazon.com/images/M/MV5BOGEyYzRmNzYtYzJjZi00ZjhlLWJiNDktYzZhNTgxMzc1NThlXkEyXkFqcGc@._V1_SX300.jpg,"[{'Source': 'Internet Movie Database', 'Value': '6.9/10'}, {'Source': 'Rotten Tomatoes', 'Value': '35%'}, {'Source': 'Metacritic', 'Value': '46/100'}]",46,6.9,"451,493",tt0104431,movie,N/A,"$173,585,516",N/A,N/A,True,PRESTAMO EN SALA 2026.pdf,
Moby Dick,1956,Approved,29 Aug 1956,116 min,"Adventure, Drama",John Huston,"Ray Bradbury, John Huston, Norman Corwin","Gregory Peck, Richard Basehart, Leo Genn","This classic story by Herman Melville revolves around Captain Ahab and his obsession with a huge whale, Moby Dick. The whale caused the loss of Ahab's leg years before, leaving Ahab to stomp the boards of his ship on a peg leg. Ahab is so crazed by his desire to kill the whale, that he is prepared to sacrifice everything, including his life, the lives of his crew members, and even his ship to find and destroy his nemesis, Moby Dick.",English,United States,5 wins & 4 nominations total,https://m.media-amazon.com/images/M/MV5BZTliZjZlNGQtOTZhYS00OGI4LTlkMWUtOTBiYzIxYTBiZmVmXkEyXkFqcGc@._V1_SX300.jpg,"[{'Source': 'Internet Movie Database', 'Value': '7.3/10'}, {'Source': 'Rotten Tomatoes', 'Value': '81%'}, {'Source': 'Metacritic', 'Value': '78/100'}]",78,7.3,"23,396",tt0049513,movie,N/A,N/A,N/A,N/A,True,PRESTAMO EN SALA 2026.pdf,
Modern Family,2009–2020,TV-PG,23 Sep 2009,22 min,"Comedy, Drama, Romance",N/A,"Steven Levitan, Christopher Lloyd","Ed O'Neill, Sofía Vergara, Julie Bowen","Told from the perspective of an unseen documentary filmmaker, the series offers an honest, often-hilarious perspective of family life. Parents Phil and Claire yearn for an honest, open relationship with their three kids, but a daughter who is trying to grow up too fast, another who is too smart for her own good, and a rambunctious young son make it challenging. Claire's dad Jay and his Latina wife Gloria are raising two sons together, but people sometimes believe Jay to be Gloria's father. Jay's gay son Mitchell and his partner Cameron have adopted a little Asian girl, completing one big -- straight, gay, multicultural, traditional -- happy family.","English, Spanish, Chinese, Italian",United States,Won 22 Primetime Emmys. 124 wins & 397 nominations total,https://m.media-amazon.com/images/M/MV5BYzFlOWFjNzQtODViNC00NzgzLThhZmItZTc1N2VlZDgwODUwXkEyXkFqcGc@._V1_SX300.jpg,"[{'Source': 'Internet Movie Database', 'Value': '8.5/10'}]",N/A,8.5,"531,547",tt1442437,series,,,,,True,PRESTAMO EN SALA 2026.pdf,11
La montaña magica (donde el alma renace),2005,N/A,02 Dec 2005,8 min,"Animation, Short",Javier Ideami,Javier Ideami,"Paula Lueje, Javier Ideami","The journey of a soul in 4 stages: Cruelty, desire, loneliness and understanding",N/A,Spain,N/A,N/A,[],N/A,N/A,N/A,tt0758668,movie,N/A,N/A,N/A,N/A,True,PRESTAMO EN SALA 2026.pdf,
InfoMania,2007–,N/A,10 Jul 2007,N/A,"Comedy, News",N/A,N/A,"Conor Knighton, Sergio Cilli, Brett Erlich","A weekly half-hour of comedy and common sense that sorts through the 24-hour, multi-screen media chaos in search of the ridiculous, the funny, and the ridiculously funny.",English,United States,N/A,https://m.media-amazon.com/images/M/MV5BZGQyYTZlNTctZmY3ZS00OTAyLTgxM2ItZmNiMDA3MDhjYjM1XkEyXkFqcGdeQXVyMjI3MDczMjI@._V1_SX300.jpg,"[{'Source': 'Internet Movie Database', 'Value': '9.1/10'}]",N/A,9.1,160,tt1087821,series,,,,,True,PRESTAMO EN SALA 2026.pdf,3
Temporada de Verão,2022,TV-14,21 Jan 2022,N/A,"Drama, Romance",N/A,"Michel Carvalho, Ana Pacheco, Natalia Piserni","Giovanna Lancellotti, Gabz, Jorge López","A group of young adults working at a paradisiac resort live an unforgettable summer as they discover love, true friendships and devastating secrets.",Portuguese,Brazil,1 nomination,https://m.media-amazon.com/images/M/MV5BODMyNzMzMTYtZWI2ZC00MjBmLWFlN2UtODE4NjJhNTE5MjY4XkEyXkFqcGc@._V1_SX300.jpg,"[{'Source': 'Internet Movie Database', 'Value': '5.6/10'}]",N/A,5.6,416,tt14655298,series,,,,,True,PRESTAMO EN SALA 2026.pdf,1
Open Season,2006,PG,29 Sep 2006,86 min,"Animation, Adventure, Comedy","Roger Allers, Jill Culton, Richard Williams","Steve Bencich, Ron J. Friedman, Nat Mauldin","Ashton Kutcher, Martin Lawrence, Debra Messing","A happily domesticated grizzly bear named Boog (Martin Lawrence), has his perfect world turned upside down after he meets Elliot (Ashton Kutcher), a scrawny, fast-talking one-horned wild mule deer. They both end up stranded together in the woods during hunting season and it's up to the duo to rally all of the other forest animals and turn the tables on the hunters.",English,United States,1 win & 10 nominations total,https://m.media-amazon.com/images/M/MV5BMTQwOTg2MjU0OV5BMl5BanBnXkFtZTcwMzIzNTQzMQ@@._V1_SX300.jpg,"[{'Source': 'Internet Movie Database', 'Value': '6.1/10'}, {'Source': 'Rotten Tomatoes', 'Value': '48%'}, {'Source': 'Metacritic', 'Value': '49/100'}]",49,6.1,"112,152",tt0400717,movie,N/A,"$85,105,259",N/A,N/A,True,PRESTAMO EN SALA 2026.pdf,
Two and a Half Men,2003–2015,TV-14,22 Sep 2003,22 min,"Comedy, Romance",N/A,"Lee Aronsohn, Chuck Lorre","Jon Cryer, Ashton Kutcher, Angus T. Jones","The Harper brothers Charlie and Alan are almost opposites but form a great team. They have little in common except their dislike for their mundane, maternally cold and domineering mother, Evelyn. Alan, a compulsively neat chiropractor and control-freak, is thrown out by his manipulative wife Judith who nevertheless gets him to pay for everything and do most jobs in the house. Charlie is a freelance jingle composer and irresistible Cassanova who lives in a luxurious beach-house and rarely gets up before noon. Charlie ""temporarily"" allows Alan and his son Jake, a food-obsessed, lazy kid who shuttles between his parents, to move in with them after Alan's separation/divorce. The sitcom revolves around their conflicting lifestyles, raising Jake (who has the efficient, caring dad while having a ball with his fun-loving sugar uncle who teaches him boyish things), and bantering with Evelyn and various other friends and family. Other fairly regular characters include Charlie's cleaning lady Berta and his rich, self-confessed stalker neighbor Rose who often sneaks in to spy on Charlie.",English,United States,Won 9 Primetime Emmys. 30 wins & 73 nominations total,https://m.media-amazon.com/images/M/MV5BMzI2ZDMyNGEtNmIwOS00NTI1LThlZDctYzYzYmE3NDNlNTJlXkEyXkFqcGc@._V1_SX300.jpg,"[{'Source': 'Internet Movie Database', 'Value': '7.1/10'}]",N/A,7.1,"296,197",tt0369179,series,,,,,True,PRESTAMO EN SALA 2026.pdf,12
Two and a Half Men,2003–2015,TV-14,22 Sep 2003,22 min,"Comedy, Romance",N/A,"Lee Aronsohn, Chuck Lorre","Jon Cryer, Ashton Kutcher, Angus T. Jones","The Harper brothers Charlie and Alan are almost opposites but form a great team. They have little in common except their dislike for their mundane, maternally cold and domineering mother, Evelyn. Alan, a compulsively neat chiropractor and control-freak, is thrown out by his manipulative wife Judith who nevertheless gets him to pay for everything and do most jobs in the house. Charlie is a freelance jingle composer and irresistible Cassanova who lives in a luxurious beach-house and rarely gets up before noon. Charlie ""temporarily"" allows Alan and his son Jake, a food-obsessed, lazy kid who shuttles between his parents, to move in with them after Alan's separation/divorce. The sitcom revolves around their conflicting lifestyles, raising Jake (who has the efficient, caring dad while having a ball with his fun-loving sugar uncle who teaches him boyish things), and bantering with Evelyn and various other friends and family. Other fairly regular characters include Charlie's cleaning lady Berta and his rich, self-confessed stalker neighbor Rose who often sneaks in to spy on Charlie.",English,United States,Won 9 Primetime Emmys. 30 wins & 73 nominations total,https://m.media-amazon.com/images/M/MV5BMzI2ZDMyNGEtNmIwOS00NTI1LThlZDctYzYzYmE3NDNlNTJlXkEyXkFqcGc@._V1_SX300.jpg,"[{'Source': 'Internet Movie Database', 'Value': '7.1/10'}]",N/A,7.1,"296,197",tt0369179,series,,,,,True,PRESTAMO EN SALA 2026.pdf,12
Two and a Half Men,2003–2015,TV-14,22 Sep 2003,22 min,"Comedy, Romance",N/A,"Lee Aronsohn, Chuck Lorre","Jon Cryer, Ashton Kutcher, Angus T. Jones","The Harper brothers Charlie and Alan are almost opposites but form a great team. They have little in common except their dislike for their mundane, maternally cold and domineering mother, Evelyn. Alan, a compulsively neat chiropractor and control-freak, is thrown out by his manipulative wife Judith who nevertheless gets him to pay for everything and do most jobs in the house. Charlie is a freelance jingle composer and irresistible Cassanova who lives in a luxurious beach-house and rarely gets up before noon. Charlie ""temporarily"" allows Alan and his son Jake, a food-obsessed, lazy kid who shuttles between his parents, to move in with them after Alan's separation/divorce. The sitcom revolves around their conflicting lifestyles, raising Jake (who has the efficient, caring dad while having a ball with his fun-loving sugar uncle who teaches him boyish things), and bantering with Evelyn and various other friends and family. Other fairly regular characters include Charlie's cleaning lady Berta and his rich, self-confessed stalker neighbor Rose who often sneaks in to spy on Charlie.",English,United States,Won 9 Primetime Emmys. 30 wins & 73 nominations total,https://m.media-amazon.com/images/M/MV5BMzI2ZDMyNGEtNmIwOS00NTI1LThlZDctYzYzYmE3NDNlNTJlXkEyXkFqcGc@._V1_SX300.jpg,"[{'Source': 'Internet Movie Database', 'Value': '7.1/10'}]",N/A,7.1,"296,197",tt0369179,series,,,,,True,PRESTAMO EN SALA 2026.pdf,12
Two and a Half Men,2003–2015,TV-14,22 Sep 2003,22 min,"Comedy, Romance",N/A,"Lee Aronsohn, Chuck Lorre","Jon Cryer, Ashton Kutcher, Angus T. Jones","The Harper brothers Charlie and Alan are almost opposites but form a great team. They have little in common except their dislike for their mundane, maternally cold and domineering mother, Evelyn. Alan, a compulsively neat chiropractor and control-freak, is thrown out by his manipulative wife Judith who nevertheless gets him to pay for everything and do most jobs in the house. Charlie is a freelance jingle composer and irresistible Cassanova who lives in a luxurious beach-house and rarely gets up before noon. Charlie ""temporarily"" allows Alan and his son Jake, a food-obsessed, lazy kid who shuttles between his parents, to move in with them after Alan's separation/divorce. The sitcom revolves around their conflicting lifestyles, raising Jake (who has the efficient, caring dad while having a ball with his fun-loving sugar uncle who teaches him boyish things), and bantering with Evelyn and various other friends and family. Other fairly regular characters include Charlie's cleaning lady Berta and his rich, self-confessed stalker neighbor Rose who often sneaks in to spy on Charlie.",English,United States,Won 9 Primetime Emmys. 30 wins & 73 nominations total,https://m.media-amazon.com/images/M/MV5BMzI2ZDMyNGEtNmIwOS00NTI1LThlZDctYzYzYmE3NDNlNTJlXkEyXkFqcGc@._V1_SX300.jpg,"[{'Source': 'Internet Movie Database', 'Value': '7.1/10'}]",N/A,7.1,"296,197",tt0369179,series,,,,,True,PRESTAMO EN SALA 2026.pdf,12
Two and a Half Men,2003–2015,TV-14,22 Sep 2003,22 min,"Comedy, Romance",N/A,"Lee Aronsohn, Chuck Lorre","Jon Cryer, Ashton Kutcher, Angus T. Jones","The Harper brothers Charlie and Alan are almost opposites but form a great team. They have little in common except their dislike for their mundane, maternally cold and domineering mother, Evelyn. Alan, a compulsively neat chiropractor and control-freak, is thrown out by his manipulative wife Judith who nevertheless gets him to pay for everything and do most jobs in the house. Charlie is a freelance jingle composer and irresistible Cassanova who lives in a luxurious beach-house and rarely gets up before noon. Charlie ""temporarily"" allows Alan and his son Jake, a food-obsessed, lazy kid who shuttles between his parents, to move in with them after Alan's separation/divorce. The sitcom revolves around their conflicting lifestyles, raising Jake (who has the efficient, caring dad while having a ball with his fun-loving sugar uncle who teaches him boyish things), and bantering with Evelyn and various other friends and family. Other fairly regular characters include Charlie's cleaning lady Berta and his rich, self-confessed stalker neighbor Rose who often sneaks in to spy on Charlie.",English,United States,Won 9 Primetime Emmys. 30 wins & 73 nominations total,https://m.media-amazon.com/images/M/MV5BMzI2ZDMyNGEtNmIwOS00NTI1LThlZDctYzYzYmE3NDNlNTJlXkEyXkFqcGc@._V1_SX300.jpg,"[{'Source': 'Internet Movie Database', 'Value': '7.1/10'}]",N/A,7.1,"296,197",tt0369179,series,,,,,True,PRESTAMO EN SALA 2026.pdf,12
Two and a Half Men,2003–2015,TV-14,22 Sep 2003,22 min,"Comedy, Romance",N/A,"Lee Aronsohn, Chuck Lorre","Jon Cryer, Ashton Kutcher, Angus T. Jones","The Harper brothers Charlie and Alan are almost opposites but form a great team. They have little in common except their dislike for their mundane, maternally cold and domineering mother, Evelyn. Alan, a compulsively neat chiropractor and control-freak, is thrown out by his manipulative wife Judith who nevertheless gets him to pay for everything and do most jobs in the house. Charlie is a freelance jingle composer and irresistible Cassanova who lives in a luxurious beach-house and rarely gets up before noon. Charlie ""temporarily"" allows Alan and his son Jake, a food-obsessed, lazy kid who shuttles between his parents, to move in with them after Alan's separation/divorce. The sitcom revolves around their conflicting lifestyles, raising Jake (who has the efficient, caring dad while having a ball with his fun-loving sugar uncle who teaches him boyish things), and bantering with Evelyn and various other friends and family. Other fairly regular characters include Charlie's cleaning lady Berta and his rich, self-confessed stalker neighbor Rose who often sneaks in to spy on Charlie.",English,United States,Won 9 Primetime Emmys. 30 wins & 73 nominations total,https://m.media-amazon.com/images/M/MV5BMzI2ZDMyNGEtNmIwOS00NTI1LThlZDctYzYzYmE3NDNlNTJlXkEyXkFqcGc@._V1_SX300.jpg,"[{'Source': 'Internet Movie Database', 'Value': '7.1/10'}]",N/A,7.1,"296,197",tt0369179,series,,,,,True,PRESTAMO EN SALA 2026.pdf,12
Two and a Half Men,2003–2015,TV-14,22 Sep 2003,22 min,"Comedy, Romance",N/A,"Lee Aronsohn, Chuck Lorre","Jon Cryer, Ashton Kutcher, Angus T. Jones","The Harper brothers Charlie and Alan are almost opposites but form a great team. They have little in common except their dislike for their mundane, maternally cold and domineering mother, Evelyn. Alan, a compulsively neat chiropractor and control-freak, is thrown out by his manipulative wife Judith who nevertheless gets him to pay for everything and do most jobs in the house. Charlie is a freelance jingle composer and irresistible Cassanova who lives in a luxurious beach-house and rarely gets up before noon. Charlie ""temporarily"" allows Alan and his son Jake, a food-obsessed, lazy kid who shuttles between his parents, to move in with them after Alan's separation/divorce. The sitcom revolves around their conflicting lifestyles, raising Jake (who has the efficient, caring dad while having a ball with his fun-loving sugar uncle who teaches him boyish things), and bantering with Evelyn and various other friends and family. Other fairly regular characters include Charlie's cleaning lady Berta and his rich, self-confessed stalker neighbor Rose who often sneaks in to spy on Charlie.",English,United States,Won 9 Primetime Emmys. 30 wins & 73 nominations total,https://m.media-amazon.com/images/M/MV5BMzI2ZDMyNGEtNmIwOS00NTI1LThlZDctYzYzYmE3NDNlNTJlXkEyXkFqcGc@._V1_SX300.jpg,"[{'Source': 'Internet Movie Database', 'Value': '7.1/10'}]",N/A,7.1,"296,197",tt0369179,series,,,,,True,PRESTAMO EN SALA 2026.pdf,12
Veep,2012–2019,TV-MA,22 Apr 2012,28 min,Comedy,N/A,Armando Iannucci,"Julia Louis-Dreyfus, Tony Hale, Anna Chlumsky","""Politics is about people,"" former Sen. Selina Meyer is fond of saying. Unfortunately, the people Meyer, a charismatic leader and rising star in her party, meets after becoming vice president are nothing like she expected, but everything she was warned about. ""Veep"" follows the new VP as she puts out political fires, juggles her public schedule and private life, and does everything within her limited powers to improve her dysfunctional relationship with the chief executive. Meyer's trusted -- and some not-so-trusted -- aides include chief of staff Amy, spokesperson Mike, secretary Sue and right-hand man Gary.",English,United States,Won 17 Primetime Emmys. 82 wins & 256 nominations total,https://m.media-amazon.com/images/M/MV5BMjE2NDM0OTEwMl5BMl5BanBnXkFtZTgwNzgwNDI0ODE@._V1_SX300.jpg,"[{'Source': 'Internet Movie Database', 'Value': '8.4/10'}]",N/A,8.4,"70,884",tt1759761,series,,,,,True,PRESTAMO EN SALA 2026.pdf,7
Veep,2012–2019,TV-MA,22 Apr 2012,28 min,Comedy,N/A,Armando Iannucci,"Julia Louis-Dreyfus, Tony Hale, Anna Chlumsky","""Politics is about people,"" former Sen. Selina Meyer is fond of saying. Unfortunately, the people Meyer, a charismatic leader and rising star in her party, meets after becoming vice president are nothing like she expected, but everything she was warned about. ""Veep"" follows the new VP as she puts out political fires, juggles her public schedule and private life, and does everything within her limited powers to improve her dysfunctional relationship with the chief executive. Meyer's trusted -- and some not-so-trusted -- aides include chief of staff Amy, spokesperson Mike, secretary Sue and right-hand man Gary.",English,United States,Won 17 Primetime Emmys. 82 wins & 256 nominations total,https://m.media-amazon.com/images/M/MV5BMjE2NDM0OTEwMl5BMl5BanBnXkFtZTgwNzgwNDI0ODE@._V1_SX300.jpg,"[{'Source': 'Internet Movie Database', 'Value': '8.4/10'}]",N/A,8.4,"70,884",tt1759761,series,,,,,True,PRESTAMO EN SALA 2026.pdf,7
Motion Picture,2021,N/A,06 Jan 2021,108 min,"Comedy, Crime",Evan Snyder,Evan Snyder,"Evan Snyder, Ian Snyder, Noah Tierney","A young man attempts to make a film about his life, but his actors will not cooperate.",English,United States,N/A,https://m.media-amazon.com/images/M/MV5BZTMwMTllYjYtODk3Ni00NDYxLWFkZjMtZWUyOTFlMjE2MTZkXkEyXkFqcGdeQXVyNjU1MDQ5OTk@._V1_SX300.jpg,"[{'Source': 'Internet Movie Database', 'Value': '7.4/10'}]",N/A,7.4,133,tt13766246,movie,N/A,N/A,N/A,N/A,True,PRESTAMO EN SALA 2026.pdf,
Star Trek II: The Wrath of Khan,1982,PG,04 Jun 1982,113 min,"Action, Adventure, Sci-Fi",Nicholas Meyer,"Gene Roddenberry, Jack B. Sowards, Harve Bennett","William Shatner, Leonard Nimoy, DeForest Kelley","It is the 23rd century. Admiral James T. Kirk is an instructor at Starfleet Academy and feeling old; the prospect of attending his ship, the USS Enterprise--now a training ship--on a two-week cadet cruise does not make him feel any younger. But the training cruise becomes a deadly serious mission when his nemesis Khan Noonien Singh--infamous conqueror from late 20th century Earth--appears after years of exile. Khan later revealed that the planet Ceti Alpha VI exploded, and shifted the orbit of the fifth planet as a Mars-like haven. He begins capturing Project Genesis, a top secret device holding the power of creation itself, and schemes the utter destruction of Kirk.",English,United States,5 wins & 9 nominations total,https://m.media-amazon.com/images/M/MV5BOTFkZDY5NWQtMjY4Yy00OThiLTk3YjQtMDdhYTllMTI4MTdiXkEyXkFqcGc@._V1_SX300.jpg,"[{'Source': 'Internet Movie Database', 'Value': '7.7/10'}, {'Source': 'Rotten Tomatoes', 'Value': '87%'}, {'Source': 'Metacritic', 'Value': '68/100'}]",68,7.7,"134,088",tt0084726,movie,N/A,"$79,707,906",N/A,N/A,True,PRESTAMO EN SALA 2026.pdf,
Two and a Half Men,2003–2015,TV-14,22 Sep 2003,22 min,"Comedy, Romance",N/A,"Lee Aronsohn, Chuck Lorre","Jon Cryer, Ashton Kutcher, Angus T. Jones","The Harper brothers Charlie and Alan are almost opposites but form a great team. They have little in common except their dislike for their mundane, maternally cold and domineering mother, Evelyn. Alan, a compulsively neat chiropractor and control-freak, is thrown out by his manipulative wife Judith who nevertheless gets him to pay for everything and do most jobs in the house. Charlie is a freelance jingle composer and irresistible Cassanova who lives in a luxurious beach-house and rarely gets up before noon. Charlie ""temporarily"" allows Alan and his son Jake, a food-obsessed, lazy kid who shuttles between his parents, to move in with them after Alan's separation/divorce. The sitcom revolves around their conflicting lifestyles, raising Jake (who has the efficient, caring dad while having a ball with his fun-loving sugar uncle who teaches him boyish things), and bantering with Evelyn and various other friends and family. Other fairly regular characters include Charlie's cleaning lady Berta and his rich, self-confessed stalker neighbor Rose who often sneaks in to spy on Charlie.",English,United States,Won 9 Primetime Emmys. 30 wins & 73 nominations total,https://m.media-amazon.com/images/M/MV5BMzI2ZDMyNGEtNmIwOS00NTI1LThlZDctYzYzYmE3NDNlNTJlXkEyXkFqcGc@._V1_SX300.jpg,"[{'Source': 'Internet Movie Database', 'Value': '7.1/10'}]",N/A,7.1,"296,197",tt0369179,series,,,,,True,PRESTAMO EN SALA 2026.pdf,12
White Collar,2009–2014,TV-PG,23 Oct 2009,17S min,"Comedy, Crime, Drama",N/A,Jeff Eastin,"Matt Bomer, Tim DeKay, Willie Garson","The unlikely partnership between charming con artist Neal Caffrey and straight-man FBI agent Peter Burke. Caffrey provides his expertise to help Burke catch other elusive criminals in exchange for his freedom, and together they prove that to solve the hardest crimes, you must hire the smartest criminal.","English, French",United States,11 nominations total,https://m.media-amazon.com/images/M/MV5BNDI5MDgyMTYzNF5BMl5BanBnXkFtZTcwMjAwNzk1Mw@@._V1_SX300.jpg,"[{'Source': 'Internet Movie Database', 'Value': '8.2/10'}]",N/A,8.2,"152,673",tt1358522,series,,,,,True,PRESTAMO EN SALA 2026.pdf,6
Willy Fog: la vuelta al mundo en 80 días,1995,N/A,N/A,75 min,"Animation, Adventure, Family",Claudio Biern Boyd,N/A,N/A,N/A,Spanish,Spain,N/A,https://m.media-amazon.com/images/M/MV5BZjYxY2I4ZTYtYjczZC00YTRkLWI4ZjEtMjE5NTk1ZTVhYTAyXkEyXkFqcGdeQXVyMTYzMjc0Nzc3._V1_SX300.jpg,[],N/A,N/A,9,tt30766900,movie,N/A,N/A,N/A,N/A,True,PRESTAMO EN SALA 2026.pdf,
X-Men: Days of Future Past,2014,PG-13,23 May 2014,132 min,"Action, Adventure, Sci-Fi",Bryan Singer,"Simon Kinberg, Jane Goldman, Matthew Vaughn","Patrick Stewart, Ian McKellen, Hugh Jackman","In the future, the mutants and the humans who help them are slaughtered by powerful robots named Sentinels. Professor Xavier, Wolverine, Magneto, Storm, Kitty Pryde, and her friends meet at a monastery in China and Xavier explains that the invincible Sentinels were created using the DNA of Mystique that was captured in 1973 when she tried to assassinate their creator Dr. Bolivar Trask. Xavier tells that their only chance is return to 1973 using Pryde's ability to join Charles Xavier and Erik Lehnsherr to convince Mystique to give up her intention. However, only Wolverine can withstand the damages of the time travel. Will he succeed in stopping Mystique and the Sentinel Program, and save the mutants and their human friends from annihilation?","English, Vietnamese, French, Russian","United Kingdom, United States, Canada",Nominated for 1 Oscar. 16 wins & 48 nominations total,https://m.media-amazon.com/images/M/MV5BNzNiYWE4NjMtMTU4OS00NmM4LWE4ZjAtYmE5OTA5NjkzODExXkEyXkFqcGc@._V1_SX300.jpg,"[{'Source': 'Internet Movie Database', 'Value': '7.9/10'}, {'Source': 'Rotten Tomatoes', 'Value': '90%'}, {'Source': 'Metacritic', 'Value': '75/100'}]",75,7.9,"784,622",tt1877832,movie,N/A,"$233,921,534",N/A,N/A,True,PRESTAMO EN SALA 2026.pdf,
Más ¡vampiros en La Habana!,2003,N/A,30 Jun 2006,80 min,Animation,Juan Padrón,"Juan Padrón, Senel Paz","Irela Bravo, Frank González, Manuel Marín","Outstanding performances by some of the most popular actors and musicians in Cuba now a days. The story describes the life of Pepito 10 years after he sang the formula for Vampisol on the international radio and throughout the world, now a new formula has been created by the name of vamps-yaba, used by some evil vampires to create world disorder during world war II without the consent and knowledge of Pepito. Jorge Perugorrea lent his voice to a new character called Capitán Dumigrón and Luis Alberto García plays Heminway. You'll also enjoy the music created for this film with songs such as ""El Führer tiene la llave"" y ""Thriller Tropical"".",Spanish,"Cuba, Spain",1 win & 1 nomination,https://m.media-amazon.com/images/M/MV5BMzIwYTc1M2ItOTRhMy00MzFhLTliMmMtNTM1NGFkMjMxNTAxXkEyXkFqcGdeQXVyMTY5MDE5NA@@._V1_SX300.jpg,"[{'Source': 'Internet Movie Database', 'Value': '6.3/10'}]",N/A,6.3,139,tt0393510,movie,N/A,N/A,N/A,N/A,True,PRESTAMO EN SALA 2026.pdf,
"Monsters, Inc.",2001,G,02 Nov 2001,92 min,"Animation, Adventure, Comedy","Pete Docter, David Silverman, Lee Unkrich","Andrew Stanton, Daniel Gerson, Pete Docter","Billy Crystal, John Goodman, Mary Gibbs","A city of monsters with no humans called Monstropolis centers around the city's power company, Monsters, Inc. The lovable, confident, tough, furry blue behemoth-like giant monster named James P. Sullivan (better known as Sulley) and his wisecracking best friend, short, green cyclops monster Mike Wazowski, discover what happens when the real world interacts with theirs in the form of a 2-year-old baby girl dubbed ""Boo,"" who accidentally sneaks into the monster world with Sulley one night. And now it's up to Sulley and Mike to send Boo back in her door before anybody finds out, especially two evil villains such as Sulley's main rival as a scarer, chameleon-like Randall (a monster that Boo is very afraid of), who possesses the ability to change the color of his skin, and Mike and Sulley's boss Mr. Waternoose, the chairman and chief executive officer of Monsters, Inc.",English,United States,Won 1 Oscar. 15 wins & 38 nominations total,https://m.media-amazon.com/images/M/MV5BMTY1NTI0ODUyOF5BMl5BanBnXkFtZTgwNTEyNjQ0MDE@._V1_SX300.jpg,"[{'Source': 'Internet Movie Database', 'Value': '8.1/10'}, {'Source': 'Rotten Tomatoes', 'Value': '96%'}, {'Source': 'Metacritic', 'Value': '79/100'}]",79,8.1,"1,065,059",tt0198781,movie,N/A,"$290,642,256",N/A,N/A,True,PRESTAMO EN SALA 2026.pdf,
La maldición de Los Pitufos,1997,N/A,N/A,N/A,N/A,Elvira Serio,Elvira Serio,"Laura Colors, Ezequiel Hansen, Francisco Pilver",N/A,Spanish,Argentina,N/A,N/A,[],N/A,N/A,N/A,tt0774621,movie,N/A,N/A,N/A,N/A,True,PRESTAMO EN SALA 2026.pdf,
Shrek,2001,PG,18 May 2001,90 min,"Animation, Adventure, Comedy","Andrew Adamson, Vicky Jenson","William Steig, Ted Elliott, Terry Rossio","Mike Myers, Eddie Murphy, Cameron Diaz","When a green ogre named Shrek discovers his swamp has been 'swamped' with all sorts of fairytale creatures by the scheming Lord Farquaad, Shrek sets out with a very loud donkey by his side to 'persuade' Farquaad to give Shrek his swamp back. Instead, a deal is made. Farquaad, who wants to become the King, sends Shrek to rescue Princess Fiona, who is awaiting her true love in a tower guarded by a fire-breathing dragon. But once they head back with Fiona, it starts to become apparent that not only does Shrek, an ugly ogre, begin to fall in love with the lovely princess, but Fiona is also hiding a huge secret.",English,United States,Won 1 Oscar. 40 wins & 60 nominations total,https://m.media-amazon.com/images/M/MV5BN2FkMTRkNTUtYTI0NC00ZjI4LWI5MzUtMDFmOGY0NmU2OGY1XkEyXkFqcGc@._V1_SX300.jpg,"[{'Source': 'Internet Movie Database', 'Value': '7.9/10'}, {'Source': 'Rotten Tomatoes', 'Value': '88%'}, {'Source': 'Metacritic', 'Value': '84/100'}]",84,7.9,"803,764",tt0126029,movie,N/A,"$268,698,241",N/A,N/A,True,PRESTAMO EN SALA 2026.pdf,
Two and a Half Men,2003–2015,TV-14,22 Sep 2003,22 min,"Comedy, Romance",N/A,"Lee Aronsohn, Chuck Lorre","Jon Cryer, Ashton Kutcher, Angus T. Jones","The Harper brothers Charlie and Alan are almost opposites but form a great team. They have little in common except their dislike for their mundane, maternally cold and domineering mother, Evelyn. Alan, a compulsively neat chiropractor and control-freak, is thrown out by his manipulative wife Judith who nevertheless gets him to pay for everything and do most jobs in the house. Charlie is a freelance jingle composer and irresistible Cassanova who lives in a luxurious beach-house and rarely gets up before noon. Charlie ""temporarily"" allows Alan and his son Jake, a food-obsessed, lazy kid who shuttles between his parents, to move in with them after Alan's separation/divorce. The sitcom revolves around their conflicting lifestyles, raising Jake (who has the efficient, caring dad while having a ball with his fun-loving sugar uncle who teaches him boyish things), and bantering with Evelyn and various other friends and family. Other fairly regular characters include Charlie's cleaning lady Berta and his rich, self-confessed stalker neighbor Rose who often sneaks in to spy on Charlie.",English,United States,Won 9 Primetime Emmys. 30 wins & 73 nominations total,https://m.media-amazon.com/images/M/MV5BMzI2ZDMyNGEtNmIwOS00NTI1LThlZDctYzYzYmE3NDNlNTJlXkEyXkFqcGc@._V1_SX300.jpg,"[{'Source': 'Internet Movie Database', 'Value': '7.1/10'}]",N/A,7.1,"296,197",tt0369179,series,,,,,True,PRESTAMO EN SALA 2026.pdf,12
Shrek Forever After,2010,PG,21 May 2010,93 min,"Animation, Adventure, Comedy",Mike Mitchell,"Josh Klausner, Darren Lemke, William Steig","Mike Myers, Cameron Diaz, Eddie Murphy","The once hideous ogre Shrek (Mike Myers) is now living a good life with wife Fiona (Cameron Diaz) and his three children. But he soon has a meltdown in front of them and his friends during his kids' birthday party. He suddenly wants to be a real ogre like he was before he ever met Fiona. So he turns to devious dealmaker Rumpelstiltskin (Walt Dohrn) for help. At first, Shrek lives the life he once lost and everything is good. But he soon finds out that he has been set up by Rumpelstiltskin, who now rules the land with an iron fist. Teaming with friends Donkey (Eddie Murphy), Fiona, and Puss in Boots (Antonio Banderas), Shrek is in for the fight of his life as he tries to get his life back before time runs out.",English,"United States, France",1 win & 13 nominations total,https://m.media-amazon.com/images/M/MV5BMTY0OTU1NzkxMl5BMl5BanBnXkFtZTcwMzI2NDUzMw@@._V1_SX300.jpg,"[{'Source': 'Internet Movie Database', 'Value': '6.3/10'}, {'Source': 'Rotten Tomatoes', 'Value': '58%'}, {'Source': 'Metacritic', 'Value': '58/100'}]",58,6.3,"243,636",tt0892791,movie,N/A,"$238,736,787",N/A,N/A,True,PRESTAMO EN SALA 2026.pdf,
El Príncipe,2014–2016,N/A,04 Feb 2014,75 min,"Drama, Thriller",N/A,"César Benítez, Aitor Gabilondo","Jose Coronado, Álex González, Hiba Abouk","Dashing new chief inspector Morey is send to manage the police station of El Príncipe, until then informally run by no-nonsense veteran cop Fran, who privileges his own rules to the Law in order to maintain peace in the drug cartel-ridden quarter. However, Morey is hiding his real identity as a special agent for Spanish Secret Services CNI. His real goal goes far beyond pacifying the neighborhood. Morey is following a lead that connects the presumably corrupted El Príncipe cops with the jihad. The CNI has sent the agent to investigate a network of Islamic terrorists that is recruiting among the youngest in the culture-colliding town of Ceuta, where Muslims and Christians coexist like nowhere else in Spain. Too soon and despite himself, Morey finds himself falling for engaged Muslim teacher Fátima, whom he originally aims to recruit as a confidante. Fátima is local drug baron Faruq's younger sister. But Fátima is also searching for her missing teenage brother Abdu, who Morey suspects might have been recruited by the jihad. This turns Fátima into a key asset for Morey's investigation, if their hearts don't get in the way.",Spanish,Spain,1 win & 9 nominations,https://m.media-amazon.com/images/M/MV5BMzM1NDk4NDU2NF5BMl5BanBnXkFtZTgwNjQ0MzkwMjE@._V1_SX300.jpg,"[{'Source': 'Internet Movie Database', 'Value': '7.3/10'}]",N/A,7.3,"1,233",tt2651246,series,,,,,True,PRESTAMO EN SALA 2026.pdf,2
X-Men,2000,PG-13,14 Jul 2000,104 min,"Action, Adventure, Sci-Fi",Bryan Singer,"Tom DeSanto, Bryan Singer, David Hayter","Patrick Stewart, Hugh Jackman, Ian McKellen","In a world where both Mutants and Humans fear each other, Marie, better known as Rogue, runs away from home and hitches a ride with another mutant, known as Logan, a.k.a. Wolverine. Professor Charles Xavier, who owns a school for young mutants, sends Storm and Cyclops to bring them back before it is too late. Magneto, who believes a war is approaching, has an evil plan in mind, and needs young Rogue to help him.",English,"United States, Canada",14 wins & 26 nominations total,https://m.media-amazon.com/images/M/MV5BNzNjZjQwOTAtNWQ3NC00MmJlLThlZDEtZmUyMWQ3NmE4Y2Y5XkEyXkFqcGc@._V1_SX300.jpg,"[{'Source': 'Internet Movie Database', 'Value': '7.3/10'}, {'Source': 'Rotten Tomatoes', 'Value': '82%'}, {'Source': 'Metacritic', 'Value': '64/100'}]",64,7.3,"688,134",tt0120903,movie,N/A,"$157,299,718",N/A,N/A,True,PRESTAMO EN SALA 2026.pdf,
Más ¡vampiros en La Habana!,2003,N/A,30 Jun 2006,80 min,Animation,Juan Padrón,"Juan Padrón, Senel Paz","Irela Bravo, Frank González, Manuel Marín","Outstanding performances by some of the most popular actors and musicians in Cuba now a days. The story describes the life of Pepito 10 years after he sang the formula for Vampisol on the international radio and throughout the world, now a new formula has been created by the name of vamps-yaba, used by some evil vampires to create world disorder during world war II without the consent and knowledge of Pepito. Jorge Perugorrea lent his voice to a new character called Capitán Dumigrón and Luis Alberto García plays Heminway. You'll also enjoy the music created for this film with songs such as ""El Führer tiene la llave"" y ""Thriller Tropical"".",Spanish,"Cuba, Spain",1 win & 1 nomination,https://m.media-amazon.com/images/M/MV5BMzIwYTc1M2ItOTRhMy00MzFhLTliMmMtNTM1NGFkMjMxNTAxXkEyXkFqcGdeQXVyMTY5MDE5NA@@._V1_SX300.jpg,"[{'Source': 'Internet Movie Database', 'Value': '6.3/10'}]",N/A,6.3,139,tt0393510,movie,N/A,N/A,N/A,N/A,True,PRESTAMO EN SALA 2026.pdf,
Italiano medio,2015,N/A,29 Jan 2015,90 min,Comedy,Maccio Capatonda,"Maccio Capatonda, Herbert Ballerina, Marco Alessi","Maccio Capatonda, Herbert Ballerina, Enrico Venti","A man tries a pill that reduces his brain activity. Using only 2% of his mind, he becomes the perfect ""average Italian"".",Italian,Italy,1 nomination,https://m.media-amazon.com/images/M/MV5BY2ZmMjRhZDUtNTQzMS00ODA4LTg0MGQtYTRkM2NhNTQ4ZGIxXkEyXkFqcGdeQXVyNDc5NzMyMDc@._V1_SX300.jpg,"[{'Source': 'Internet Movie Database', 'Value': '6.1/10'}]",N/A,6.1,"2,771",tt4142022,movie,N/A,N/A,N/A,N/A,True,PRESTAMO EN SALA 2026.pdf,
Pinky Dinky Doo,2005–2009,TV-Y,10 Apr 2006,30 min,"Animation, Family, Fantasy",N/A,"Jim Jinkins, Mark York","Kevin Clash, Jim Jinkins, John Rogers","When P. Piddy Pony gives Pinky a present she doesn't like, Pinky learns to be gracious. / Tyler Von Whoopty Doo hears squeaking sounds that are distracting him from writing his latest opera. Sherlock Pinky takes on the case.",English,"United States, Canada",1 nomination,https://m.media-amazon.com/images/M/MV5BNmUyMDFjZDAtN2QzNy00MGE2LWFkYzctMjBlMWYzMjgwNDgyXkEyXkFqcGdeQXVyODk1MjAxNzQ@._V1_SX300.jpg,"[{'Source': 'Internet Movie Database', 'Value': '6.3/10'}]",N/A,6.3,303,tt0804425,series,,,,,True,PRESTAMO EN SALA 2026.pdf,2
Shrek 2,2004,PG,19 May 2004,93 min,"Animation, Adventure, Comedy","Andrew Adamson, Kelly Asbury, Conrad Vernon","William Steig, Andrew Adamson, Joe Stillman","Mike Myers, Eddie Murphy, Cameron Diaz","Shrek (Mike Myers) has rescued Princess Fiona (Cameron Diaz), got married, and now is time to meet the parents. Shrek, Fiona, and Donkey (Eddie Murphy) set off to Far, Far Away to meet Fiona's mother and father. But not everyone is happy. Shrek and King Harold (John Cleese) find it hard to get along, and there's tension in the marriage. It's not just the family who are unhappy. Prince Charming (Rupert Everett) returns from a failed attempt at rescuing Fiona, and works alongside his mother, the Fairy Godmother (Jennifer Saunders), to try and find a way to get Shrek away from Fiona.",English,United States,Nominated for 2 Oscars. 18 wins & 52 nominations total,https://m.media-amazon.com/images/M/MV5BMzNmNjQ1NmUtNzhiZS00YWE2LTg4N2ItZTA2ODdmOTMwOTQ1XkEyXkFqcGc@._V1_SX300.jpg,"[{'Source': 'Internet Movie Database', 'Value': '7.4/10'}, {'Source': 'Rotten Tomatoes', 'Value': '89%'}, {'Source': 'Metacritic', 'Value': '75/100'}]",75,7.4,"550,541",tt0298148,movie,N/A,"$444,978,202",N/A,N/A,True,PRESTAMO EN SALA 2026.pdf,
Ghost in the Shell 2: Innocence,2004,PG-13,24 Sep 2004,100 min,"Animation, Drama, Mystery",Mamoru Oshii,"Shirow Masamune, Mamoru Oshii","Akio Ôtsuka, Atsuko Tanaka, Tamio Ôki","Batô is a living cyborg. His whole body, even his arms and legs, are entirely man-made. What only remains are traces of his brain and the memories of a woman. In an era when the boundary between humans and machines has become infinitely vague, Humans have forgotten that they are humans. This is the debauchery of the lonesome ghost of a man, who nevertheless seeks to retain humanity. Innocence... Is what life is.","Japanese, Cantonese, English",Japan,6 wins & 8 nominations total,https://m.media-amazon.com/images/M/MV5BNzQ5Y2NkYjktMjhlNS00YWQ2LTg0ZDItZjFmZGE0ZDE3MWQ3XkEyXkFqcGc@._V1_SX300.jpg,"[{'Source': 'Internet Movie Database', 'Value': '7.4/10'}, {'Source': 'Rotten Tomatoes', 'Value': '65%'}, {'Source': 'Metacritic', 'Value': '68/100'}]",68,7.4,"42,438",tt0347246,movie,N/A,"$1,334,074",N/A,N/A,True,PRESTAMO EN SALA 2026.pdf,
Lauf um Dein Leben - Vom Junkie zum Ironman,2008,N/A,24 Apr 2008,96 min,"Biography, Drama, Sport",Adnan Köse,"Fritjof Hohagen, Adnan Köse","Max Riemelt, Jasmin Schwiers, Uwe Ochsenknecht",He lived the junkie's life as a heroin addict. Triathlon transformed him. Biopic of the record breaking Ironman Andreas Niedrig.,German,Germany,N/A,https://m.media-amazon.com/images/M/MV5BYzA3YjNjZDAtYWU2MC00YmIyLTkzMjEtOGE5YmIyZmYxODIzXkEyXkFqcGc@._V1_SX300.jpg,"[{'Source': 'Internet Movie Database', 'Value': '6.0/10'}]",N/A,6.0,269,tt0954542,movie,N/A,N/A,StudioCanal,N/A,True,PRESTAMO EN SALA 2026.pdf,
The Lego Movie,2014,PG,07 Feb 2014,100 min,"Animation, Action, Adventure","Phil Lord, Christopher Miller","Phil Lord, Christopher Miller, Dan Hageman","Chris Pratt, Will Ferrell, Elizabeth Banks","The LEGO Movie is a 3D animated film which follows lead character, Emmet a completely ordinary LEGO mini-figure who is identified as the most ""extraordinary person"" and the key to saving the Lego universe. Emmet and his friends go on an epic journey to stop the evil tyrant, Lord Business.",English,"United States, Denmark, Australia, Norway",Nominated for 1 Oscar. 72 wins & 67 nominations total,https://m.media-amazon.com/images/M/MV5BMTg4MDk1ODExN15BMl5BanBnXkFtZTgwNzIyNjg3MDE@._V1_SX300.jpg,"[{'Source': 'Internet Movie Database', 'Value': '7.7/10'}, {'Source': 'Rotten Tomatoes', 'Value': '96%'}, {'Source': 'Metacritic', 'Value': '83/100'}]",83,7.7,"411,857",tt1490017,movie,N/A,"$257,966,122",N/A,N/A,True,PRESTAMO EN SALA 2026.pdf,
"Kamen Rider Zero-One: What Will Pop Out of the Kangaroo? Think About It by Yourself! Yes! It Must Be Me, Aruto!",2019,N/A,26 Dec 2019,N/A,"Short, Action",N/A,N/A,"Fumiya Takahashi, Ryutaro Okada, Noa Tsurushima, Daisuke Nakagawa",N/A,Japanese,Japan,N/A,https://m.media-amazon.com/images/M/MV5BY2RiNjMyNDMtZWFhYS00NzhmLWIyMDgtYWY5YmM5MTIwZWMxXkEyXkFqcGdeQXVyNzkyMDA5MTc@._V1_SX300.jpg,[],N/A,N/A,N/A,tt11574558,movie,N/A,N/A,N/A,N/A,True,PRESTAMO EN SALA 2026.pdf,
One Piece,1999–,TV-14,20 Oct 1999,24 min,"Animation, Action, Adventure",N/A,Eiichirô Oda,"Mayumi Tanaka, Akemi Okamura, Tony Beck","There once lived a pirate named Gol D. Roger. He obtained wealth, fame, and power to earn the title of Pirate King. When he was captured and about to be executed, he revealed that his treasure called One Piece was hidden somewhere at the Grand Line. This made all people set out to search and uncover the One Piece treasure, but no one ever found the location of Gol D. Roger's treasure, and the Grand Line was too dangerous a place to overcome. Twenty-two years after Gol D. Roger's death, a boy named Monkey D. Luffy decided to become a pirate and search for Gol D. Roger's treasure to become the next Pirate King.",Japanese,Japan,7 wins & 15 nominations total,https://m.media-amazon.com/images/M/MV5BMTNjNGU4NTUtYmVjMy00YjRiLTkxMWUtNzZkMDNiYjZhNmViXkEyXkFqcGc@._V1_SX300.jpg,"[{'Source': 'Internet Movie Database', 'Value': '9.0/10'}]",N/A,9.0,"341,535",tt0388629,series,,,,,True,PRESTAMO EN SALA 2026.pdf,1
Teenage Mutant Ninja Turtles,2014,PG-13,08 Aug 2014,101 min,"Animation, Action, Adventure",Jonathan Liebesman,"Josh Appelbaum, André Nemec, Evan Daugherty","Megan Fox, Will Arnett, William Fichtner",Darkness has settled over New York City as Shredder and his evil Foot Clan have an iron grip on everything from the police to the politicians. The future is grim until four unlikely outcast brothers rise from the sewers and discover their destiny as Teenage Mutant Ninja Turtles. The Turtles must work with fearless reporter April O'Neil and her cameraman Vern Fenwick to save the city and unravel Shredder's diabolical plan.,"English, Japanese",United States,1 win & 11 nominations total,https://m.media-amazon.com/images/M/MV5BNjUzODQ5MDY5NV5BMl5BanBnXkFtZTgwOTc1NzcyMjE@._V1_SX300.jpg,"[{'Source': 'Internet Movie Database', 'Value': '5.8/10'}, {'Source': 'Rotten Tomatoes', 'Value': '20%'}, {'Source': 'Metacritic', 'Value': '31/100'}]",31,5.8,"229,104",tt1291150,movie,N/A,"$191,204,754",N/A,N/A,True,PRESTAMO EN SALA 2026.pdf,
Movie Bug's Blu Ray Collection 2016,2016,N/A,24 Apr 2021,60 min,Documentary,N/A,N/A,James Lack,N/A,English,United Kingdom,N/A,N/A,[],N/A,N/A,5,tt15758106,movie,N/A,N/A,N/A,N/A,True,PRESTAMO EN SALA 2026.pdf,
Appleseed,2004,R,17 Apr 2004,101 min,"Animation, Action, Adventure",Shinji Aramaki,"Shirow Masamune, Haruka Handa, Tsutomu Kamishiro","Ai Kobayashi, Jûrôta Kosugi, Yuki Matsuoka","In a utopian society created at the end of the third world war, a female warrior who has been plucked from the badlands begins to see cracks in this new facade. And what does this community have planned for the rest of humankind?",Japanese,Japan,N/A,https://m.media-amazon.com/images/M/MV5BNWMxMzBkMTYtZDNmZS00YWUyLTliYTctY2MzNTY5MmVhMTQyXkEyXkFqcGc@._V1_SX300.jpg,"[{'Source': 'Internet Movie Database', 'Value': '6.9/10'}, {'Source': 'Rotten Tomatoes', 'Value': '26%'}, {'Source': 'Metacritic', 'Value': '40/100'}]",40,6.9,"18,974",tt0401233,movie,N/A,"$129,135",N/A,N/A,True,PRESTAMO EN SALA 2026.pdf,
The Dark Knight Rises,2012,PG-13,20 Jul 2012,164 min,"Action, Crime, Drama",Christopher Nolan,"Jonathan Nolan, Christopher Nolan, David S. Goyer","Christian Bale, Tom Hardy, Anne Hathaway","Despite his tarnished reputation after the events of The Dark Knight (2008), in which he took the rap for Dent's crimes, Batman feels compelled to intervene to assist the city and its Police force, which is struggling to cope with Bane's plans to destroy the city.","English, Arabic","United States, United Kingdom",Nominated for 1 BAFTA Award45 wins & 103 nominations total,https://m.media-amazon.com/images/M/MV5BMTk4ODQzNDY3Ml5BMl5BanBnXkFtZTcwODA0NTM4Nw@@._V1_SX300.jpg,"[{'Source': 'Internet Movie Database', 'Value': '8.4/10'}, {'Source': 'Rotten Tomatoes', 'Value': '87%'}, {'Source': 'Metacritic', 'Value': '78/100'}]",78,8.4,"1,974,176",tt1345836,movie,N/A,"$448,149,584",N/A,N/A,True,PRESTAMO EN SALA 2026.pdf,
Búsqueda implacable,1998,N/A,N/A,N/A,Action,Eduardo Martínez,Esteban Rivas,"Alberto Estrella, Sergio Mayer, Benito Raúl Ibarra",N/A,Spanish,Mexico,N/A,N/A,"[{'Source': 'Internet Movie Database', 'Value': '7.0/10'}]",N/A,7.0,16,tt0355301,movie,N/A,N/A,N/A,N/A,True,PRESTAMO EN SALA 2026.pdf,
Cars 2,2011,G,24 Jun 2011,106 min,"Animation, Adventure, Comedy","John Lasseter, Bradford Lewis","Ben Queen, John Lasseter, Bradford Lewis","Owen Wilson, Larry the Cable Guy, Michael Caine","The famous race car Lightning McQueen and his team are invited to compete in the World Grand Prix race. There, McQueen's best friend Mater finds himself involved in international espionage, and alongside two professional British spies attempts to uncover a secret plan led by a mysterious mastermind and his criminal gang, which threatens the lives of all competitors in the tournament.","English, Japanese, Italian, French, Russian","United States, Japan, India, United Kingdom, Australia",1 win & 19 nominations total,https://m.media-amazon.com/images/M/MV5BMTUzNTc3MTU3M15BMl5BanBnXkFtZTcwMzIxNTc3NA@@._V1_SX300.jpg,"[{'Source': 'Internet Movie Database', 'Value': '6.2/10'}, {'Source': 'Rotten Tomatoes', 'Value': '40%'}, {'Source': 'Metacritic', 'Value': '57/100'}]",57,6.2,"251,842",tt1216475,movie,N/A,"$191,452,396",N/A,N/A,True,PRESTAMO EN SALA 2026.pdf,
Hannibal,2001,R,09 Feb 2001,131 min,"Crime, Drama, Thriller",Ridley Scott,"Thomas Harris, David Mamet, Steven Zaillian","Anthony Hopkins, Julianne Moore, Gary Oldman","The final chapter of the Dr. Hannibal Lecter quadrilogy, the murdering cannibal. He is presently in Italy, and works as a curator at a museum. Clarice Starling (Julianne Moore), the F.B.I. Agent who he aided to apprehend a serial killer, was placed in charge of an operation, but when one of her men botches it, she's called to the mat by the Bureau. One high ranking official, Paul Krendler (Ray Liotta) has it in for her. But she gets a reprieve because Mason Verger (Gary Oldman), one of Lecter's victims who is looking to get back at Lecter for what Lecter did to him, wants to use Starling to lure him out. When Lecter sends her a note, she learns that he's in Italy, so she asks the Police to keep an eye out for him. But a corrupt Policeman, who wants to get the reward that Verger placed on him, tells Verger where he is, but they fail to get him. Later, Verger decides to frame Starling, which makes Lecter return to the U.S., and the race to get Lecter begins.","English, Italian, Japanese","United Kingdom, Italy, United States",9 wins & 25 nominations total,https://m.media-amazon.com/images/M/MV5BYTk3NGUzOWYtNTU5Yy00ZDNjLTg1YzItZDlmNWRhMmVlZTMxXkEyXkFqcGc@._V1_SX300.jpg,"[{'Source': 'Internet Movie Database', 'Value': '6.8/10'}, {'Source': 'Rotten Tomatoes', 'Value': '39%'}, {'Source': 'Metacritic', 'Value': '57/100'}]",57,6.8,"311,689",tt0212985,movie,N/A,"$165,092,268",N/A,N/A,True,PRESTAMO EN SALA 2026.pdf,
Torino Criminale parte 1,2019,N/A,03 Jan 2019,N/A,Drama,"Marco Volturno, Leonardo d'Augelli",Leonardo d'Augelli,"Gennaro Aragione, Lucas Caruso, Pier Casazza","A story full of intrigue between the boss Salvatore Reale and ""Don Mimmo""'s wife Beatrice who have a love story and which will see the two devise a plan to eliminate her husband. Before the Events of Turin Criminal Blood revenge.",N/A,Italy,N/A,https://m.media-amazon.com/images/M/MV5BZDkxNDQ1ZTYtZWMyZS00MmU4LThiOGUtNTNmYjg2Y2MwMjg5XkEyXkFqcGdeQXVyMTc4MzUyODgx._V1_SX300.jpg,[],N/A,N/A,54,tt32298338,movie,N/A,N/A,N/A,N/A,True,PRESTAMO EN SALA 2026.pdf,
Harry Potter and the Deathly Hallows: Part 1,2010,PG-13,19 Nov 2010,146 min,"Adventure, Family, Fantasy",David Yates,"Steve Kloves, J.K. Rowling","Daniel Radcliffe, Emma Watson, Rupert Grint","Voldemort's (Ralph Fiennes') power is growing stronger. He now has control over the Ministry of Magic and Hogwarts. Harry (Daniel Radcliffe), Ron (Rupert Grint), and Hermione (Emma Watson) decide to finish Dumbledore's (Sir Michael Gambon's) work and find the rest of the Horcruxes to defeat the Dark Lord. But little hope remains for the trio and the rest of the Wizarding World, so everything they do must go as planned.","English, Latin","United Kingdom, United States",Nominated for 2 Oscars. 15 wins & 55 nominations total,https://m.media-amazon.com/images/M/MV5BMTQ2OTE1Mjk0N15BMl5BanBnXkFtZTcwODE3MDAwNA@@._V1_SX300.jpg,"[{'Source': 'Internet Movie Database', 'Value': '7.7/10'}, {'Source': 'Rotten Tomatoes', 'Value': '76%'}, {'Source': 'Metacritic', 'Value': '65/100'}]",65,7.7,"659,115",tt0926084,movie,N/A,"$296,374,621",N/A,N/A,True,PRESTAMO EN SALA 2026.pdf,
Entrei em Pânico ao Saber o que Vocês Fizeram na Sexta-feira 13 do Verão Passado Parte 2 - A Hora da Volta da Vingança dos Jogos Mortais de Halloween,2011,N/A,03 Jul 2011,82 min,"Comedy, Horror",Felipe M. Guerra,Felipe M. Guerra,"Eliseu Demari, Niandra Sartori, Rodrigo Guerra","Seven years after the massacre of the first film, the survivors Niandra and Eliseu still fear the return of Geison, the terrible psychopath who mutilated his friends on a Friday the 13th. New murders start happening in the small town of Carlos Barbosa, putting a new generation of victims as targets of the killer. But who is behind that ""Scream"" mask?",Portuguese,Brazil,N/A,https://m.media-amazon.com/images/M/MV5BMDU1YzM2MzAtODNiYi00NmRmLWI5OGUtMWU2MThkYzNhMjg1XkEyXkFqcGdeQXVyNTQ3OTYwNA@@._V1_SX300.jpg,"[{'Source': 'Internet Movie Database', 'Value': '5.8/10'}]",N/A,5.8,46,tt2508618,movie,N/A,N/A,N/A,N/A,True,PRESTAMO EN SALA 2026.pdf,
Harry Potter and the Deathly Hallows: Part 2,2011,PG-13,15 Jul 2011,130 min,"Adventure, Family, Fantasy",David Yates,"Steve Kloves, J.K. Rowling","Daniel Radcliffe, Emma Watson, Rupert Grint","Harry (Daniel Radcliffe), Ron (Rupert Grint), and Hermione (Emma Watson) continue their quest of finding and destroying Voldemort's (Ralph Fiennes') three remaining Horcruxes, the magical items responsible for his immortality. But as the mystical Deathly Hallows are uncovered, and Voldemort finds out about their mission, the biggest battle begins, and life as they know it will never be the same again.","English, Latin","United Kingdom, United States",Nominated for 3 Oscars. 49 wins & 96 nominations total,https://m.media-amazon.com/images/M/MV5BOTA1Mzc2N2ItZWRiNS00MjQzLTlmZDQtMjU0NmY1YWRkMGQ4XkEyXkFqcGc@._V1_SX300.jpg,"[{'Source': 'Internet Movie Database', 'Value': '8.1/10'}, {'Source': 'Rotten Tomatoes', 'Value': '96%'}, {'Source': 'Metacritic', 'Value': '85/100'}]",85,8.1,"1,035,967",tt1201607,movie,N/A,"$381,884,297",N/A,N/A,True,PRESTAMO EN SALA 2026.pdf,
Jurassic Park,1993,PG-13,11 Jun 1993,127 min,"Action, Adventure, Sci-Fi",Steven Spielberg,"Michael Crichton, David Koepp","Sam Neill, Laura Dern, Jeff Goldblum","Huge advancements in scientific technology have enabled a mogul to create an island full of living dinosaurs. John Hammond has invited four individuals, along with his two grandchildren, to join him at Jurassic Park. But will everything go according to plan? A park employee attempts to steal dinosaur embryos, critical security systems are shut down and it now becomes a race for survival with dinosaurs roaming freely over the island.","English, Spanish",United States,Won 3 Oscars. 44 wins & 27 nominations total,https://m.media-amazon.com/images/M/MV5BMjM2MDgxMDg0Nl5BMl5BanBnXkFtZTgwNTM2OTM5NDE@._V1_SX300.jpg,"[{'Source': 'Internet Movie Database', 'Value': '8.2/10'}, {'Source': 'Rotten Tomatoes', 'Value': '91%'}, {'Source': 'Metacritic', 'Value': '68/100'}]",68,8.2,"1,167,043",tt0107290,movie,N/A,"$407,185,075",N/A,N/A,True,PRESTAMO EN SALA 2026.pdf,
Monsters University,2013,G,21 Jun 2013,104 min,"Animation, Adventure, Comedy",Dan Scanlon,"Dan Scanlon, Daniel Gerson, Robert L. Baird","Billy Crystal, John Goodman, Steve Buscemi","Mike Wazowski (Billy Crystal) and James P. ""Sully"" Sullivan (John Goodman) are an inseparable pair, but that wasn't always the case. From the moment these two mismatched monsters met, they couldn't stand each other. This movie unlocks the door to how Mike and Sully overcame their differences and became the best of friends.",English,United States,Nominated for 2 BAFTA 9 wins & 58 nominations total,https://m.media-amazon.com/images/M/MV5BMTUyODgwMDU3M15BMl5BanBnXkFtZTcwOTM4MjcxOQ@@._V1_SX300.jpg,"[{'Source': 'Internet Movie Database', 'Value': '7.2/10'}, {'Source': 'Rotten Tomatoes', 'Value': '80%'}, {'Source': 'Metacritic', 'Value': '65/100'}]",65,7.2,"421,121",tt1453405,movie,N/A,"$268,492,764",N/A,N/A,True,PRESTAMO EN SALA 2026.pdf,
Kill Bill: Vol. 1,2003,R,10 Oct 2003,111 min,"Action, Crime, Thriller",Quentin Tarantino,"Quentin Tarantino, Uma Thurman","Uma Thurman, David Carradine, Daryl Hannah","The lead character, called 'The Bride,' was a member of the Deadly Viper Assassination Squad, led by her lover 'Bill.' Upon realizing she was pregnant with Bill's child, 'The Bride' decided to escape her life as a killer. She fled to Texas, met a young man, who, on the day of their wedding rehearsal was gunned down by an angry and jealous Bill (with the assistance of the Deadly Viper Assassination Squad). Four years later, 'The Bride' wakes from a coma, and discovers her baby is gone. She, then, decides to seek revenge upon the five people who destroyed her life and killed her baby. The saga of Kill Bill Volume I begins.","English, Japanese, French",United States,Nominated for 5 BAFTA 30 wins & 103 nominations total,https://m.media-amazon.com/images/M/MV5BZmMyYzJlZmYtY2I3NC00NjAyLTkyZWItZjdjZDI1YTYyYTEwXkEyXkFqcGc@._V1_SX300.jpg,"[{'Source': 'Internet Movie Database', 'Value': '8.2/10'}, {'Source': 'Rotten Tomatoes', 'Value': '85%'}, {'Source': 'Metacritic', 'Value': '69/100'}]",69,8.2,"1,295,392",tt0266697,movie,N/A,"$70,099,045",N/A,N/A,True,PRESTAMO EN SALA 2026.pdf,
Sólo se muere dos veces,1997,N/A,10 Feb 1997,92 min,Comedy,Esteban Ibarretxe,"Jose Miguel Ibarretxe, Esteban Ibarretxe","Juan Inciarte, Álex Angulo, Rosana Pastor",N/A,N/A,Spain,2 wins & 3 nominations,https://m.media-amazon.com/images/M/MV5BMzlmODI1YWYtZWZmMy00OGIyLTlmNzctN2JkNDY2YjdhMmU3XkEyXkFqcGc@._V1_SX300.jpg,"[{'Source': 'Internet Movie Database', 'Value': '4.2/10'}]",N/A,4.2,59,tt0117816,movie,N/A,N/A,N/A,N/A,True,PRESTAMO EN SALA 2026.pdf,
Kill Bill: Vol. 1,2003,R,10 Oct 2003,111 min,"Action, Crime, Thriller",Quentin Tarantino,"Quentin Tarantino, Uma Thurman","Uma Thurman, David Carradine, Daryl Hannah","The lead character, called 'The Bride,' was a member of the Deadly Viper Assassination Squad, led by her lover 'Bill.' Upon realizing she was pregnant with Bill's child, 'The Bride' decided to escape her life as a killer. She fled to Texas, met a young man, who, on the day of their wedding rehearsal was gunned down by an angry and jealous Bill (with the assistance of the Deadly Viper Assassination Squad). Four years later, 'The Bride' wakes from a coma, and discovers her baby is gone. She, then, decides to seek revenge upon the five people who destroyed her life and killed her baby. The saga of Kill Bill Volume I begins.","English, Japanese, French",United States,Nominated for 5 BAFTA 30 wins & 103 nominations total,https://m.media-amazon.com/images/M/MV5BZmMyYzJlZmYtY2I3NC00NjAyLTkyZWItZjdjZDI1YTYyYTEwXkEyXkFqcGc@._V1_SX300.jpg,"[{'Source': 'Internet Movie Database', 'Value': '8.2/10'}, {'Source': 'Rotten Tomatoes', 'Value': '85%'}, {'Source': 'Metacritic', 'Value': '69/100'}]",69,8.2,"1,295,392",tt0266697,movie,N/A,"$70,099,045",N/A,N/A,True,PRESTAMO EN SALA 2026.pdf,
Dragon Ball Z: Fusion Reborn,1995,PG,04 Mar 1995,51 min,"Animation, Action, Sci-Fi",Shigeyasu Yamauchi,"Akira Toriyama, Takao Koyama","Masako Nozawa, Ryô Horikawa, Takeshi Kusao","When a worker at King Yemma's spiritual check-in station is accidentally covered in spiritual waste, he is transformed into a powerful monster named Janemba, who destroys the barrier between the real world and Other World, allowing the dead to walk the Earth. As the living Z Fighters fend off the dead, it is up to Goku, Pikkon, and Vegeta to stop Janemba.",Japanese,Japan,N/A,https://m.media-amazon.com/images/M/MV5BNjIyNGY0OWYtY2JlNS00ODVjLWJiODEtYWNlNWZjNDMzZjUzXkEyXkFqcGc@._V1_SX300.jpg,"[{'Source': 'Internet Movie Database', 'Value': '7.6/10'}]",N/A,7.6,"13,732",tt0142236,movie,N/A,"$270,354",N/A,N/A,True,PRESTAMO EN SALA 2026.pdf,
Romans d'adultes Vol. 1&2,2017,N/A,27 Sep 2017,182 min,Documentary,"Béatrice Bakhti, Nasser Bakhti","Béatrice Bakhti, Nasser Bakhti",N/A,N/A,French,Switzerland,N/A,https://m.media-amazon.com/images/M/MV5BM2QyYTNkYjgtMDc2OC00YjZkLWFhMWYtMThjZThlMDdkMTFmXkEyXkFqcGdeQXVyMzkxMDQ3OA@@._V1_SX300.jpg,"[{'Source': 'Internet Movie Database', 'Value': '6.8/10'}]",N/A,6.8,7,tt7264332,movie,N/A,N/A,N/A,N/A,True,PRESTAMO EN SALA 2026.pdf,
Tsubasa RESERVoir CHRoNiCLE,2005–2010,TV-PG,09 Apr 2005,25 min,"Animation, Action, Adventure",N/A,Toshifumi Kawase,"Miyu Irino, Yui Makino, Daisuke Namikawa","Syaoran, a boy who wants to become an archeologist, and Sakura, a princess from the Clow Kingdom, are childhood friends with a close relationship. On a fateful night, Sakura lost all her memories as a result of a conspiracy to obtain her powers. In order to regain her memory, Syaoran seeks help from the witch, Yuuko. Yuuko tells Syaoran that he has to travel from one alternate reality to another to collect fragments of Sakura's memory. However, even if Sakura regains her memory, she will have no recollection of Syaoran. Travelling together with them is Kurogane, a warrior who was exiled from his country, and Fye, a magician who wants to escape from his King. With the help of a magical creature, Mokona, they set off on an exciting journey through time and space.",Japanese,Japan,N/A,https://m.media-amazon.com/images/M/MV5BMTI5NDcwMjA3NF5BMl5BanBnXkFtZTcwMzUxMTI1MQ@@._V1_SX300.jpg,"[{'Source': 'Internet Movie Database', 'Value': '7.2/10'}]",N/A,7.2,"1,443",tt0477543,series,,,,,True,PRESTAMO EN SALA 2026.pdf,2
Segunda Temporada,2026,N/A,N/A,N/A,"Comedy, Drama",N/A,N/A,"Berta Prieto, Adan Domínguez","In 2024 Barcelona, former literary sensation Paula grapples with unstable gigs and creative drought while navigating a landscape of fading stars and relentless pressure to remain relevant.",Spanish,N/A,N/A,N/A,[],N/A,N/A,N/A,tt38690206,series,,,,,True,PRESTAMO EN SALA 2026.pdf,N/A
Transformers: Dark of the Moon,2011,PG-13,29 Jun 2011,154 min,"Action, Adventure, Comedy",Michael Bay,Ehren Kruger,"Shia LaBeouf, Rosie Huntington-Whiteley, Tyrese Gibson","Autobots Bumblebee, Ratchet, Ironhide, Mirage (aka Dino), Wheeljack (aka Que) and Sideswipe led by Optimus Prime, are back in action taking on the evil Decepticons, who are eager to avenge their recent defeat. The Autobots and Decepticons become involved in a perilous space race between the United States and Russia to reach a hidden Cybertronian spacecraft on the moon and learn its secrets, and once again Sam Witwicky has to go to the aid of his robot friends. The new villain Shockwave is on the scene while the Autobots and Decepticons continue to battle it out on Earth.","English, Russian","United States, Hong Kong, Cambodia, United Kingdom",Nominated for 3 Oscars. 11 wins & 42 nominations total,https://m.media-amazon.com/images/M/MV5BMTkwOTY0MTc1NV5BMl5BanBnXkFtZTcwMDQwNjA2NQ@@._V1_SX300.jpg,"[{'Source': 'Internet Movie Database', 'Value': '6.2/10'}, {'Source': 'Rotten Tomatoes', 'Value': '35%'}, {'Source': 'Metacritic', 'Value': '42/100'}]",42,6.2,"453,805",tt1399103,movie,N/A,"$352,390,543",N/A,N/A,True,PRESTAMO EN SALA 2026.pdf,
Attempts for a F(l)ight,2006,N/A,07 Apr 2006,6 min,Short,Christos Netsos,N/A,N/A,N/A,None,Greece,N/A,N/A,[],N/A,N/A,N/A,tt21437598,movie,N/A,N/A,N/A,N/A,True,PRESTAMO EN SALA 2026.pdf,
Estado de Gracia,2009–,N/A,01 Aug 2012,N/A,Drama,N/A,N/A,"Alejandro Belmonte, Keyla Wood, Veronica Falcón",N/A,Spanish,Mexico,N/A,https://m.media-amazon.com/images/M/MV5BYTNhYWUzNTAtZmFjOS00MzE0LTk3NjAtODExOTdiODY4N2VlXkEyXkFqcGc@._V1_SX300.jpg,[],N/A,N/A,9,tt2323614,series,,,,,True,PRESTAMO EN SALA 2026.pdf,N/A
