Title,SourcePDF
DVD 1. La voz del terror,PRESTAMO EN SALA 2026.pdf
terror] (1942) / Sherlock Holmes y el arma secreta,PRESTAMO EN SALA 2026.pdf
DVD 2. Sherlock Holmes en Washington,PRESTAMO EN SALA 2026.pdf
Doce [i.e. 12] películas Sherlock Holmes [28],PRESTAMO EN SALA 2026.pdf
DVD 4. La perla maldita,PRESTAMO EN SALA 2026.pdf
DVD 6. Terror en la noche,PRESTAMO EN SALA 2026.pdf
DVD 5. La mujer de verde,PRESTAMO EN SALA 2026.pdf
Persecución en Argelia,PRESTAMO EN SALA 2026.pdf
Doctor Who : tercera temporada,PRESTAMO EN SALA 2026.pdf
Doctor Who : primera temporada,PRESTAMO EN SALA 2026.pdf
Doctor Who : segunda temporada,PRESTAMO EN SALA 2026.pdf
Doctor Who : cuarta temporada,PRESTAMO EN SALA 2026.pdf
Doctor Who : sexta temporada,PRESTAMO EN SALA 2026.pdf
Doctor Who : quinta temporada,PRESTAMO EN SALA 2026.pdf
Doctor Who : octava temporada,PRESTAMO EN SALA 2026.pdf
Doctor Who : septima temporada,PRESTAMO EN SALA 2026.pdf
Downton Abbey : tercera temporada,PRESTAMO EN SALA 2026.pdf
Dulce desafío,PRESTAMO EN SALA 2026.pdf
DVD 3. La mujer araña,PRESTAMO EN SALA 2026.pdf
Friends: La primera temporada completa,PRESTAMO EN SALA 2026.pdf
Friends: La segunda temporada completa,PRESTAMO EN SALA 2026.pdf
Friends: La cuarta temporada completa,PRESTAMO EN SALA 2026.pdf
DVD 2. El apoderado de Hudsucker Proxy,PRESTAMO EN SALA 2026.pdf
La Colección de los hermanos Coen,PRESTAMO EN SALA 2026.pdf
DVD 1. El gran Lebowski,PRESTAMO EN SALA 2026.pdf
in Washington] (1943) / Sherlock Holmes desafiando la,PRESTAMO EN SALA 2026.pdf
Game of Thrones  la primera temporada,PRESTAMO EN SALA 2026.pdf
Game of Thrones  la tercera temporada,PRESTAMO EN SALA 2026.pdf
Game of Thrones  la segunda temporada,PRESTAMO EN SALA 2026.pdf
Game of Thrones  la quinta temporada,PRESTAMO EN SALA 2026.pdf
Game of Thrones  la sexta temporada,PRESTAMO EN SALA 2026.pdf
Indiana Jones y Los cazadores del Arca,PRESTAMO EN SALA 2026.pdf
"Juegos del hambre, Los",PRESTAMO EN SALA 2026.pdf
"World  Molen, Colin Wilson",PRESTAMO EN SALA 2026.pdf
Jurassic world Mundo Jurásico,PRESTAMO EN SALA 2026.pdf
Spielberg ... [et al.],PRESTAMO EN SALA 2026.pdf
DVD 3. Barton Fink,PRESTAMO EN SALA 2026.pdf
Game of Thrones  la cuarta temporada,PRESTAMO EN SALA 2026.pdf
Lawrence Bender,PRESTAMO EN SALA 2026.pdf
Kill Bill La venganza Vol. 1,PRESTAMO EN SALA 2026.pdf
"Leyenda del tesoro perdido, La",PRESTAMO EN SALA 2026.pdf
Jurasick Park,PRESTAMO EN SALA 2026.pdf
"Leyenda del tesoro perdido 2, La : el libro de",PRESTAMO EN SALA 2026.pdf
Segundaa temporada,PRESTAMO EN SALA 2026.pdf
"Jurassic park, El mudo perdido",PRESTAMO EN SALA 2026.pdf
Matrix recargado,PRESTAMO EN SALA 2026.pdf
Wachowski,PRESTAMO EN SALA 2026.pdf
Matrix : detrás de la magia,PRESTAMO EN SALA 2026.pdf
Pro:Matthew Weiner,PRESTAMO EN SALA 2026.pdf
temporada3,PRESTAMO EN SALA 2026.pdf
Millennium 1 : Los hombres que no amaban a,PRESTAMO EN SALA 2026.pdf
Millennium 2 : La chica que soñaba con un,PRESTAMO EN SALA 2026.pdf
cerillo y un galón de gasolina,PRESTAMO EN SALA 2026.pdf
Millennium 3 : La reina en el palacio de las,PRESTAMO EN SALA 2026.pdf
corrientes de aire,PRESTAMO EN SALA 2026.pdf
Mi pobre angelito Home alone,PRESTAMO EN SALA 2026.pdf
"Mi pobre angelito, 2 perdido en Nueva York",PRESTAMO EN SALA 2026.pdf
"Juegos del hambre, Los: En llamas",PRESTAMO EN SALA 2026.pdf
"Ley & el orden, La : intento criminal. Primera",PRESTAMO EN SALA 2026.pdf
Mujeres asesinas. Primera temporada,PRESTAMO EN SALA 2026.pdf
Mujeres asesinas.  Segunda temporada,PRESTAMO EN SALA 2026.pdf
"Musketeers, the : primera temporada",PRESTAMO EN SALA 2026.pdf
aked City season one,PRESTAMO EN SALA 2026.pdf
apoleón : épica del hombre que cambió el,PRESTAMO EN SALA 2026.pdf
mundo. Primera parte: 1975-1800,PRESTAMO EN SALA 2026.pdf
mundo. Segunda parte: 1800-1807,PRESTAMO EN SALA 2026.pdf
mundo. Tercera parte. 1807-1812,PRESTAMO EN SALA 2026.pdf
mundo. Cuarta parte. 1812-1821,PRESTAMO EN SALA 2026.pdf
iño Santo,PRESTAMO EN SALA 2026.pdf
ip tuck: temporada dos,PRESTAMO EN SALA 2026.pdf
ip tuck: temporada uno,PRESTAMO EN SALA 2026.pdf
ip tuck: temporada tres,PRESTAMO EN SALA 2026.pdf
ip tuck: temporada cuatro,PRESTAMO EN SALA 2026.pdf
"Mr. Bean 10 años : aniversario mi especial, II",PRESTAMO EN SALA 2026.pdf
Qué pasó ayer?,PRESTAMO EN SALA 2026.pdf
"Mr. Bean 10 años : aniversario mi especial, I",PRESTAMO EN SALA 2026.pdf
"Mr. Bean 10 años : aniversario mi especial, III",PRESTAMO EN SALA 2026.pdf
Hombre de acero . El,PRESTAMO EN SALA 2026.pdf
"Ley & el orden, La : intento criminal",PRESTAMO EN SALA 2026.pdf
Twenty four [24] the complete second,PRESTAMO EN SALA 2026.pdf
Ugly Betty la segunda temporada,PRESTAMO EN SALA 2026.pdf
V invasión extraterrestre Primera temporada,PRESTAMO EN SALA 2026.pdf
Viaje a las estrellas la película,PRESTAMO EN SALA 2026.pdf
ip tuck: temporada cinco,PRESTAMO EN SALA 2026.pdf
Viaje a las estrellas II la ira de Khan,PRESTAMO EN SALA 2026.pdf
Matrix revoluciones,PRESTAMO EN SALA 2026.pdf
Viaje a las estrellas IV Misión: Salvar a la Tierra,PRESTAMO EN SALA 2026.pdf
Viaje a las estrellas la última frontera,PRESTAMO EN SALA 2026.pdf
Viaje a las estrellas primer contacto,PRESTAMO EN SALA 2026.pdf
treck: first contact,PRESTAMO EN SALA 2026.pdf
Volver al futuro Trilogía,PRESTAMO EN SALA 2026.pdf
Wolfgang Amadeus Mozart : más que un,PRESTAMO EN SALA 2026.pdf
Wolverine Inmortal,PRESTAMO EN SALA 2026.pdf
Don Gato y su pandilla,PRESTAMO EN SALA 2026.pdf
V invasión extraterrestre Segunda,PRESTAMO EN SALA 2026.pdf
Madagascar vol. 1 vol. 2,PRESTAMO EN SALA 2026.pdf
El mundo de Mafalda,PRESTAMO EN SALA 2026.pdf
Los picapiedra,PRESTAMO EN SALA 2026.pdf
"El show secreto.Vol.2,vol. 4",PRESTAMO EN SALA 2026.pdf
"Shrek, 3-D",PRESTAMO EN SALA 2026.pdf
Ugly Betty la primera temporada completa,PRESTAMO EN SALA 2026.pdf
Toy story I,PRESTAMO EN SALA 2026.pdf
"Super clásicos infantiles, 3 :el gigante ártico",PRESTAMO EN SALA 2026.pdf
Toy story II,PRESTAMO EN SALA 2026.pdf
Toy story III,PRESTAMO EN SALA 2026.pdf
aruto shippuden 10,PRESTAMO EN SALA 2026.pdf
aruto shippuden 19,PRESTAMO EN SALA 2026.pdf
"One piece collection, 1",PRESTAMO EN SALA 2026.pdf
"One piece collectio, 5",PRESTAMO EN SALA 2026.pdf
"Super clásicos infantiles, 5 :conejo waikiki",PRESTAMO EN SALA 2026.pdf
Fullmetal alchemist Brotherhood : complete,PRESTAMO EN SALA 2026.pdf
collection two : episodes 34-64,PRESTAMO EN SALA 2026.pdf
Una noche en el museo Vol.1 y Vol. 2,PRESTAMO EN SALA 2026.pdf
alone complex : S.A.C. 2nd GIG,PRESTAMO EN SALA 2026.pdf
trek : the final frontier,PRESTAMO EN SALA 2026.pdf
aruto triple feature,PRESTAMO EN SALA 2026.pdf
aruto shippuden 18,PRESTAMO EN SALA 2026.pdf
Toshiyuki Tsuru,PRESTAMO EN SALA 2026.pdf
aruto legend of the stone of Gelel : the,PRESTAMO EN SALA 2026.pdf
four voyage four : 242-252,PRESTAMO EN SALA 2026.pdf
FLCL The complete series,PRESTAMO EN SALA 2026.pdf
four voyage five : 253-263,PRESTAMO EN SALA 2026.pdf
"One piece collection, 9",PRESTAMO EN SALA 2026.pdf
"Super clásicos infantiles, 10 :muerto de miedo",PRESTAMO EN SALA 2026.pdf
five voyage five: 313-324,PRESTAMO EN SALA 2026.pdf
five : voyage six: 325-331,PRESTAMO EN SALA 2026.pdf
Hombres X la resurrección de los mutantes,PRESTAMO EN SALA 2026.pdf
X-Men: evolution mutants rising,PRESTAMO EN SALA 2026.pdf
Hombres X evolución días xplosivos,PRESTAMO EN SALA 2026.pdf
X-Men evolution: x marks the spot,PRESTAMO EN SALA 2026.pdf
Hombres X evolución xponiendo la verdad,PRESTAMO EN SALA 2026.pdf
X-Men evolution :xposing the truth,PRESTAMO EN SALA 2026.pdf
Imaishi,PRESTAMO EN SALA 2026.pdf
five voyage three: 288-299,PRESTAMO EN SALA 2026.pdf
five voyage four: 300-312,PRESTAMO EN SALA 2026.pdf
Sobrenatural : el anime,PRESTAMO EN SALA 2026.pdf
Batman inicia,PRESTAMO EN SALA 2026.pdf
"planet  Ohtsuka, Rami Park",PRESTAMO EN SALA 2026.pdf
Batman: el caballero de la noche,PRESTAMO EN SALA 2026.pdf
Batman: el caballero de la noche asciende,PRESTAMO EN SALA 2026.pdf
"Batman el caballero de la noche regresa, parte 1",PRESTAMO EN SALA 2026.pdf
"Batman el caballero de la noche regresa, parte 2",PRESTAMO EN SALA 2026.pdf
Cero cero siete [i.e.007] el mañana nunca,PRESTAMO EN SALA 2026.pdf
Hombres X evolución la x marca el lugar,PRESTAMO EN SALA 2026.pdf
La dictadura perfecta,PRESTAMO EN SALA 2026.pdf
Dragon Ball Z : cooler’s revenge :the return of,PRESTAMO EN SALA 2026.pdf
coller’s,PRESTAMO EN SALA 2026.pdf
Furia de titanes,PRESTAMO EN SALA 2026.pdf
La guerra y la paz : War & peace,PRESTAMO EN SALA 2026.pdf
Harry Potter y las reliquias de la muerte,PRESTAMO EN SALA 2026.pdf
Betty Boop La colección,PRESTAMO EN SALA 2026.pdf
X-Men evolution xplosives days,PRESTAMO EN SALA 2026.pdf
arrativa breve [01],PRESTAMO EN SALA 2026.pdf
Dragon Ball Z : la batalla de los dioses,PRESTAMO EN SALA 2026.pdf
Transformers el lado oscuro de la luna,PRESTAMO EN SALA 2026.pdf
Tron el legado,PRESTAMO EN SALA 2026.pdf
arrativa breve infantil [02],PRESTAMO EN SALA 2026.pdf
infomanía Volumen I y II,PRESTAMO EN SALA 2026.pdf
Primera temporada,PRESTAMO EN SALA 2026.pdf
Orange is the new black - Mi vida en prisión:,PRESTAMO EN SALA 2026.pdf
"Furia de Titanes, 2",PRESTAMO EN SALA 2026.pdf
